pos,desc_lis,img_lis,min,max_coll,voti,perc,area,circ_sto,cod_reg,data_prec_elez,desc_reg,dt_agg,dt_ele,ele_f,ele_m,ele_t,f_elet,fine_rip,l_terr,non_valid,perc_vot,reg_sto,sk_bianche,sk_contestate,sk_nulle,st,sz_perv,sz_tot,t_ele,tot_vot_lis,vot_f,vot_m,vot_t
5,LEGA SALVINI PREMIER,1-20190526000000-5.png,N,NA,251696,"33,88",I,1,7,2.0140525e+13,LIGURIA,20190527054451,2.0190526e+13,690223,621892,1312115,SCRUTINI,N,REGIONE,NULL,"58,50",7,8800,43,15836,ESERCIZIO,1791,1791,Europee,742915,394908,372686,767594
12,PARTITO DEMOCRATICO,1-20190526000000-12.png,N,NA,185260,"24,94",I,1,7,2.0140525e+13,LIGURIA,20190527054451,2.0190526e+13,690223,621892,1312115,SCRUTINI,N,REGIONE,NULL,"58,50",7,8800,43,15836,ESERCIZIO,1791,1791,Europee,742915,394908,372686,767594
8,MOVIMENTO 5 STELLE,1-20190526000000-8.png,N,NA,122536,"16,49",I,1,7,2.0140525e+13,LIGURIA,20190527054451,2.0190526e+13,690223,621892,1312115,SCRUTINI,N,REGIONE,NULL,"58,50",7,8800,43,15836,ESERCIZIO,1791,1791,Europee,742915,394908,372686,767594
11,FORZA ITALIA,1-20190526000000-11.png,N,NA,57887,"7,79",I,1,7,2.0140525e+13,LIGURIA,20190527054451,2.0190526e+13,690223,621892,1312115,SCRUTINI,N,REGIONE,NULL,"58,50",7,8800,43,15836,ESERCIZIO,1791,1791,Europee,742915,394908,372686,767594
7,FRATELLI D'ITALIA,1-20190526000000-7.png,N,NA,42118,"5,67",I,1,7,2.0140525e+13,LIGURIA,20190527054451,2.0190526e+13,690223,621892,1312115,SCRUTINI,N,REGIONE,NULL,"58,50",7,8800,43,15836,ESERCIZIO,1791,1791,Europee,742915,394908,372686,767594
1,+EUROPA - ITALIA IN COMUNE - PDE ITALIA,1-20190526000000-1.png,N,NA,22649,"3,05",I,1,7,2.0140525e+13,LIGURIA,20190527054451,2.0190526e+13,690223,621892,1312115,SCRUTINI,N,REGIONE,NULL,"58,50",7,8800,43,15836,ESERCIZIO,1791,1791,Europee,742915,394908,372686,767594
16,EUROPA VERDE,1-20190526000000-16.png,N,NA,18332,"2,47",I,1,7,2.0140525e+13,LIGURIA,20190527054451,2.0190526e+13,690223,621892,1312115,SCRUTINI,N,REGIONE,NULL,"58,50",7,8800,43,15836,ESERCIZIO,1791,1791,Europee,742915,394908,372686,767594
18,LA SINISTRA,1-20190526000000-18.png,N,NA,16148,"2,17",I,1,7,2.0140525e+13,LIGURIA,20190527054451,2.0190526e+13,690223,621892,1312115,SCRUTINI,N,REGIONE,NULL,"58,50",7,8800,43,15836,ESERCIZIO,1791,1791,Europee,742915,394908,372686,767594
2,PARTITO COMUNISTA,1-20190526000000-2.png,N,NA,8826,"1,19",I,1,7,2.0140525e+13,LIGURIA,20190527054451,2.0190526e+13,690223,621892,1312115,SCRUTINI,N,REGIONE,NULL,"58,50",7,8800,43,15836,ESERCIZIO,1791,1791,Europee,742915,394908,372686,767594
4,PARTITO ANIMALISTA,1-20190526000000-4.png,N,NA,5649,"0,76",I,1,7,2.0140525e+13,LIGURIA,20190527054451,2.0190526e+13,690223,621892,1312115,SCRUTINI,N,REGIONE,NULL,"58,50",7,8800,43,15836,ESERCIZIO,1791,1791,Europee,742915,394908,372686,767594
6,POPOLARI PER L'ITALIA,1-20190526000000-6.png,N,NA,3104,"0,42",I,1,7,2.0140525e+13,LIGURIA,20190527054451,2.0190526e+13,690223,621892,1312115,SCRUTINI,N,REGIONE,NULL,"58,50",7,8800,43,15836,ESERCIZIO,1791,1791,Europee,742915,394908,372686,767594
17,POPOLO DELLA FAMIGLIA - ALTERNATIVA POPOLARE,1-20190526000000-17.png,N,NA,2531,"0,34",I,1,7,2.0140525e+13,LIGURIA,20190527054451,2.0190526e+13,690223,621892,1312115,SCRUTINI,N,REGIONE,NULL,"58,50",7,8800,43,15836,ESERCIZIO,1791,1791,Europee,742915,394908,372686,767594
10,CASAPOUND ITALIA - DESTRE UNITE,1-20190526000000-10.png,N,NA,2395,"0,32",I,1,7,2.0140525e+13,LIGURIA,20190527054451,2.0190526e+13,690223,621892,1312115,SCRUTINI,N,REGIONE,NULL,"58,50",7,8800,43,15836,ESERCIZIO,1791,1791,Europee,742915,394908,372686,767594
3,PARTITO PIRATA,1-20190526000000-3.png,N,NA,2090,"0,28",I,1,7,2.0140525e+13,LIGURIA,20190527054451,2.0190526e+13,690223,621892,1312115,SCRUTINI,N,REGIONE,NULL,"58,50",7,8800,43,15836,ESERCIZIO,1791,1791,Europee,742915,394908,372686,767594
14,FORZA NUOVA,1-20190526000000-14.png,N,NA,867,"0,12",I,1,7,2.0140525e+13,LIGURIA,20190527054451,2.0190526e+13,690223,621892,1312115,SCRUTINI,N,REGIONE,NULL,"58,50",7,8800,43,15836,ESERCIZIO,1791,1791,Europee,742915,394908,372686,767594
13,AUTONOMIE PER L'EUROPA,1-20190526000000-13.png,S,12,827,"0,11",I,1,7,2.0140525e+13,LIGURIA,20190527054451,2.0190526e+13,690223,621892,1312115,SCRUTINI,N,REGIONE,NULL,"58,50",7,8800,43,15836,ESERCIZIO,1791,1791,Europee,742915,394908,372686,767594
5,LEGA SALVINI PREMIER,1-20190526000000-5.png,N,NA,2107080,"43,38",I,1,3,2.0140525e+13,LOMBARDIA,20190527143836,2.0190526e+13,3971537,3749338,7720875,SCRUTINI,N,REGIONE,NULL,"64,73",3,52025,399,88421,ESERCIZIO,9239,9239,Europee,4857141,2539812,2458174,4997986
12,PARTITO DEMOCRATICO,1-20190526000000-12.png,N,NA,1120933,"23,08",I,1,3,2.0140525e+13,LOMBARDIA,20190527143836,2.0190526e+13,3971537,3749338,7720875,SCRUTINI,N,REGIONE,NULL,"64,73",3,52025,399,88421,ESERCIZIO,9239,9239,Europee,4857141,2539812,2458174,4997986
8,MOVIMENTO 5 STELLE,1-20190526000000-8.png,N,NA,453863,"9,34",I,1,3,2.0140525e+13,LOMBARDIA,20190527143836,2.0190526e+13,3971537,3749338,7720875,SCRUTINI,N,REGIONE,NULL,"64,73",3,52025,399,88421,ESERCIZIO,9239,9239,Europee,4857141,2539812,2458174,4997986
11,FORZA ITALIA,1-20190526000000-11.png,N,NA,430141,"8,86",I,1,3,2.0140525e+13,LOMBARDIA,20190527143836,2.0190526e+13,3971537,3749338,7720875,SCRUTINI,N,REGIONE,NULL,"64,73",3,52025,399,88421,ESERCIZIO,9239,9239,Europee,4857141,2539812,2458174,4997986
7,FRATELLI D'ITALIA,1-20190526000000-7.png,N,NA,268414,"5,53",I,1,3,2.0140525e+13,LOMBARDIA,20190527143836,2.0190526e+13,3971537,3749338,7720875,SCRUTINI,N,REGIONE,NULL,"64,73",3,52025,399,88421,ESERCIZIO,9239,9239,Europee,4857141,2539812,2458174,4997986
1,+EUROPA - ITALIA IN COMUNE - PDE ITALIA,1-20190526000000-1.png,N,NA,150192,"3,09",I,1,3,2.0140525e+13,LOMBARDIA,20190527143836,2.0190526e+13,3971537,3749338,7720875,SCRUTINI,N,REGIONE,NULL,"64,73",3,52025,399,88421,ESERCIZIO,9239,9239,Europee,4857141,2539812,2458174,4997986
16,EUROPA VERDE,1-20190526000000-16.png,N,NA,119667,"2,46",I,1,3,2.0140525e+13,LOMBARDIA,20190527143836,2.0190526e+13,3971537,3749338,7720875,SCRUTINI,N,REGIONE,NULL,"64,73",3,52025,399,88421,ESERCIZIO,9239,9239,Europee,4857141,2539812,2458174,4997986
18,LA SINISTRA,1-20190526000000-18.png,N,NA,65182,"1,34",I,1,3,2.0140525e+13,LOMBARDIA,20190527143836,2.0190526e+13,3971537,3749338,7720875,SCRUTINI,N,REGIONE,NULL,"64,73",3,52025,399,88421,ESERCIZIO,9239,9239,Europee,4857141,2539812,2458174,4997986
2,PARTITO COMUNISTA,1-20190526000000-2.png,N,NA,34312,"0,71",I,1,3,2.0140525e+13,LOMBARDIA,20190527143836,2.0190526e+13,3971537,3749338,7720875,SCRUTINI,N,REGIONE,NULL,"64,73",3,52025,399,88421,ESERCIZIO,9239,9239,Europee,4857141,2539812,2458174,4997986
4,PARTITO ANIMALISTA,1-20190526000000-4.png,N,NA,27400,"0,56",I,1,3,2.0140525e+13,LOMBARDIA,20190527143836,2.0190526e+13,3971537,3749338,7720875,SCRUTINI,N,REGIONE,NULL,"64,73",3,52025,399,88421,ESERCIZIO,9239,9239,Europee,4857141,2539812,2458174,4997986
17,POPOLO DELLA FAMIGLIA - ALTERNATIVA POPOLARE,1-20190526000000-17.png,N,NA,20413,"0,42",I,1,3,2.0140525e+13,LOMBARDIA,20190527143836,2.0190526e+13,3971537,3749338,7720875,SCRUTINI,N,REGIONE,NULL,"64,73",3,52025,399,88421,ESERCIZIO,9239,9239,Europee,4857141,2539812,2458174,4997986
6,POPOLARI PER L'ITALIA,1-20190526000000-6.png,N,NA,16799,"0,35",I,1,3,2.0140525e+13,LOMBARDIA,20190527143836,2.0190526e+13,3971537,3749338,7720875,SCRUTINI,N,REGIONE,NULL,"64,73",3,52025,399,88421,ESERCIZIO,9239,9239,Europee,4857141,2539812,2458174,4997986
10,CASAPOUND ITALIA - DESTRE UNITE,1-20190526000000-10.png,N,NA,14982,"0,31",I,1,3,2.0140525e+13,LOMBARDIA,20190527143836,2.0190526e+13,3971537,3749338,7720875,SCRUTINI,N,REGIONE,NULL,"64,73",3,52025,399,88421,ESERCIZIO,9239,9239,Europee,4857141,2539812,2458174,4997986
3,PARTITO PIRATA,1-20190526000000-3.png,N,NA,11899,"0,24",I,1,3,2.0140525e+13,LOMBARDIA,20190527143836,2.0190526e+13,3971537,3749338,7720875,SCRUTINI,N,REGIONE,NULL,"64,73",3,52025,399,88421,ESERCIZIO,9239,9239,Europee,4857141,2539812,2458174,4997986
14,FORZA NUOVA,1-20190526000000-14.png,N,NA,9108,"0,19",I,1,3,2.0140525e+13,LOMBARDIA,20190527143836,2.0190526e+13,3971537,3749338,7720875,SCRUTINI,N,REGIONE,NULL,"64,73",3,52025,399,88421,ESERCIZIO,9239,9239,Europee,4857141,2539812,2458174,4997986
13,AUTONOMIE PER L'EUROPA,1-20190526000000-13.png,S,12,6756,"0,14",I,1,3,2.0140525e+13,LOMBARDIA,20190527143836,2.0190526e+13,3971537,3749338,7720875,SCRUTINI,N,REGIONE,NULL,"64,73",3,52025,399,88421,ESERCIZIO,9239,9239,Europee,4857141,2539812,2458174,4997986
5,LEGA SALVINI PREMIER,1-20190526000000-5.png,N,NA,813001,"37,14",I,1,1,2.0140525e+13,PIEMONTE,20190527092933,2.0190526e+13,1837342,1711346,3548688,SCRUTINI,N,REGIONE,NULL,"64,67",1,47402,147,58552,ESERCIZIO,4807,4807,Europee,2188833,1166350,1128584,2294934
12,PARTITO DEMOCRATICO,1-20190526000000-12.png,N,NA,524078,"23,94",I,1,1,2.0140525e+13,PIEMONTE,20190527092933,2.0190526e+13,1837342,1711346,3548688,SCRUTINI,N,REGIONE,NULL,"64,67",1,47402,147,58552,ESERCIZIO,4807,4807,Europee,2188833,1166350,1128584,2294934
8,MOVIMENTO 5 STELLE,1-20190526000000-8.png,N,NA,290141,"13,26",I,1,1,2.0140525e+13,PIEMONTE,20190527092933,2.0190526e+13,1837342,1711346,3548688,SCRUTINI,N,REGIONE,NULL,"64,67",1,47402,147,58552,ESERCIZIO,4807,4807,Europee,2188833,1166350,1128584,2294934
11,FORZA ITALIA,1-20190526000000-11.png,N,NA,198721,"9,08",I,1,1,2.0140525e+13,PIEMONTE,20190527092933,2.0190526e+13,1837342,1711346,3548688,SCRUTINI,N,REGIONE,NULL,"64,67",1,47402,147,58552,ESERCIZIO,4807,4807,Europee,2188833,1166350,1128584,2294934
7,FRATELLI D'ITALIA,1-20190526000000-7.png,N,NA,130986,"5,98",I,1,1,2.0140525e+13,PIEMONTE,20190527092933,2.0190526e+13,1837342,1711346,3548688,SCRUTINI,N,REGIONE,NULL,"64,67",1,47402,147,58552,ESERCIZIO,4807,4807,Europee,2188833,1166350,1128584,2294934
1,+EUROPA - ITALIA IN COMUNE - PDE ITALIA,1-20190526000000-1.png,N,NA,72139,"3,30",I,1,1,2.0140525e+13,PIEMONTE,20190527092933,2.0190526e+13,1837342,1711346,3548688,SCRUTINI,N,REGIONE,NULL,"64,67",1,47402,147,58552,ESERCIZIO,4807,4807,Europee,2188833,1166350,1128584,2294934
16,EUROPA VERDE,1-20190526000000-16.png,N,NA,50457,"2,31",I,1,1,2.0140525e+13,PIEMONTE,20190527092933,2.0190526e+13,1837342,1711346,3548688,SCRUTINI,N,REGIONE,NULL,"64,67",1,47402,147,58552,ESERCIZIO,4807,4807,Europee,2188833,1166350,1128584,2294934
18,LA SINISTRA,1-20190526000000-18.png,N,NA,32784,"1,50",I,1,1,2.0140525e+13,PIEMONTE,20190527092933,2.0190526e+13,1837342,1711346,3548688,SCRUTINI,N,REGIONE,NULL,"64,67",1,47402,147,58552,ESERCIZIO,4807,4807,Europee,2188833,1166350,1128584,2294934
2,PARTITO COMUNISTA,1-20190526000000-2.png,N,NA,20621,"0,94",I,1,1,2.0140525e+13,PIEMONTE,20190527092933,2.0190526e+13,1837342,1711346,3548688,SCRUTINI,N,REGIONE,NULL,"64,67",1,47402,147,58552,ESERCIZIO,4807,4807,Europee,2188833,1166350,1128584,2294934
4,PARTITO ANIMALISTA,1-20190526000000-4.png,N,NA,17722,"0,81",I,1,1,2.0140525e+13,PIEMONTE,20190527092933,2.0190526e+13,1837342,1711346,3548688,SCRUTINI,N,REGIONE,NULL,"64,67",1,47402,147,58552,ESERCIZIO,4807,4807,Europee,2188833,1166350,1128584,2294934
17,POPOLO DELLA FAMIGLIA - ALTERNATIVA POPOLARE,1-20190526000000-17.png,N,NA,12423,"0,57",I,1,1,2.0140525e+13,PIEMONTE,20190527092933,2.0190526e+13,1837342,1711346,3548688,SCRUTINI,N,REGIONE,NULL,"64,67",1,47402,147,58552,ESERCIZIO,4807,4807,Europee,2188833,1166350,1128584,2294934
10,CASAPOUND ITALIA - DESTRE UNITE,1-20190526000000-10.png,N,NA,7881,"0,36",I,1,1,2.0140525e+13,PIEMONTE,20190527092933,2.0190526e+13,1837342,1711346,3548688,SCRUTINI,N,REGIONE,NULL,"64,67",1,47402,147,58552,ESERCIZIO,4807,4807,Europee,2188833,1166350,1128584,2294934
6,POPOLARI PER L'ITALIA,1-20190526000000-6.png,N,NA,5780,"0,26",I,1,1,2.0140525e+13,PIEMONTE,20190527092933,2.0190526e+13,1837342,1711346,3548688,SCRUTINI,N,REGIONE,NULL,"64,67",1,47402,147,58552,ESERCIZIO,4807,4807,Europee,2188833,1166350,1128584,2294934
3,PARTITO PIRATA,1-20190526000000-3.png,N,NA,5668,"0,26",I,1,1,2.0140525e+13,PIEMONTE,20190527092933,2.0190526e+13,1837342,1711346,3548688,SCRUTINI,N,REGIONE,NULL,"64,67",1,47402,147,58552,ESERCIZIO,4807,4807,Europee,2188833,1166350,1128584,2294934
14,FORZA NUOVA,1-20190526000000-14.png,N,NA,3289,"0,15",I,1,1,2.0140525e+13,PIEMONTE,20190527092933,2.0190526e+13,1837342,1711346,3548688,SCRUTINI,N,REGIONE,NULL,"64,67",1,47402,147,58552,ESERCIZIO,4807,4807,Europee,2188833,1166350,1128584,2294934
13,AUTONOMIE PER L'EUROPA,1-20190526000000-13.png,S,12,3142,"0,14",I,1,1,2.0140525e+13,PIEMONTE,20190527092933,2.0190526e+13,1837342,1711346,3548688,SCRUTINI,N,REGIONE,NULL,"64,67",1,47402,147,58552,ESERCIZIO,4807,4807,Europee,2188833,1166350,1128584,2294934
5,LEGA SALVINI PREMIER,1-20190526000000-5.png,N,NA,18525,"37,17",I,1,2,2.0140525e+13,VALLE D'AOSTA,20190527040816,2.0190526e+13,52576,49841,102417,SCRUTINI,N,REGIONE,NULL,"51,91",2,1002,0,2321,ESERCIZIO,151,151,Europee,49844,26839,26328,53167
12,PARTITO DEMOCRATICO,1-20190526000000-12.png,N,NA,8084,"16,22",I,1,2,2.0140525e+13,VALLE D'AOSTA,20190527040816,2.0190526e+13,52576,49841,102417,SCRUTINI,N,REGIONE,NULL,"51,91",2,1002,0,2321,ESERCIZIO,151,151,Europee,49844,26839,26328,53167
13,AUTONOMIE PER L'EUROPA,1-20190526000000-13.png,S,12,6904,"13,85",I,1,2,2.0140525e+13,VALLE D'AOSTA,20190527040816,2.0190526e+13,52576,49841,102417,SCRUTINI,N,REGIONE,NULL,"51,91",2,1002,0,2321,ESERCIZIO,151,151,Europee,49844,26839,26328,53167
8,MOVIMENTO 5 STELLE,1-20190526000000-8.png,N,NA,4830,"9,69",I,1,2,2.0140525e+13,VALLE D'AOSTA,20190527040816,2.0190526e+13,52576,49841,102417,SCRUTINI,N,REGIONE,NULL,"51,91",2,1002,0,2321,ESERCIZIO,151,151,Europee,49844,26839,26328,53167
11,FORZA ITALIA,1-20190526000000-11.png,N,NA,2684,"5,38",I,1,2,2.0140525e+13,VALLE D'AOSTA,20190527040816,2.0190526e+13,52576,49841,102417,SCRUTINI,N,REGIONE,NULL,"51,91",2,1002,0,2321,ESERCIZIO,151,151,Europee,49844,26839,26328,53167
16,EUROPA VERDE,1-20190526000000-16.png,N,NA,2322,"4,66",I,1,2,2.0140525e+13,VALLE D'AOSTA,20190527040816,2.0190526e+13,52576,49841,102417,SCRUTINI,N,REGIONE,NULL,"51,91",2,1002,0,2321,ESERCIZIO,151,151,Europee,49844,26839,26328,53167
1,+EUROPA - ITALIA IN COMUNE - PDE ITALIA,1-20190526000000-1.png,N,NA,1844,"3,70",I,1,2,2.0140525e+13,VALLE D'AOSTA,20190527040816,2.0190526e+13,52576,49841,102417,SCRUTINI,N,REGIONE,NULL,"51,91",2,1002,0,2321,ESERCIZIO,151,151,Europee,49844,26839,26328,53167
7,FRATELLI D'ITALIA,1-20190526000000-7.png,N,NA,1618,"3,25",I,1,2,2.0140525e+13,VALLE D'AOSTA,20190527040816,2.0190526e+13,52576,49841,102417,SCRUTINI,N,REGIONE,NULL,"51,91",2,1002,0,2321,ESERCIZIO,151,151,Europee,49844,26839,26328,53167
18,LA SINISTRA,1-20190526000000-18.png,N,NA,1331,"2,67",I,1,2,2.0140525e+13,VALLE D'AOSTA,20190527040816,2.0190526e+13,52576,49841,102417,SCRUTINI,N,REGIONE,NULL,"51,91",2,1002,0,2321,ESERCIZIO,151,151,Europee,49844,26839,26328,53167
4,PARTITO ANIMALISTA,1-20190526000000-4.png,N,NA,391,"0,78",I,1,2,2.0140525e+13,VALLE D'AOSTA,20190527040816,2.0190526e+13,52576,49841,102417,SCRUTINI,N,REGIONE,NULL,"51,91",2,1002,0,2321,ESERCIZIO,151,151,Europee,49844,26839,26328,53167
2,PARTITO COMUNISTA,1-20190526000000-2.png,N,NA,379,"0,76",I,1,2,2.0140525e+13,VALLE D'AOSTA,20190527040816,2.0190526e+13,52576,49841,102417,SCRUTINI,N,REGIONE,NULL,"51,91",2,1002,0,2321,ESERCIZIO,151,151,Europee,49844,26839,26328,53167
10,CASAPOUND ITALIA - DESTRE UNITE,1-20190526000000-10.png,N,NA,336,"0,67",I,1,2,2.0140525e+13,VALLE D'AOSTA,20190527040816,2.0190526e+13,52576,49841,102417,SCRUTINI,N,REGIONE,NULL,"51,91",2,1002,0,2321,ESERCIZIO,151,151,Europee,49844,26839,26328,53167
3,PARTITO PIRATA,1-20190526000000-3.png,N,NA,219,"0,44",I,1,2,2.0140525e+13,VALLE D'AOSTA,20190527040816,2.0190526e+13,52576,49841,102417,SCRUTINI,N,REGIONE,NULL,"51,91",2,1002,0,2321,ESERCIZIO,151,151,Europee,49844,26839,26328,53167
6,POPOLARI PER L'ITALIA,1-20190526000000-6.png,N,NA,173,"0,35",I,1,2,2.0140525e+13,VALLE D'AOSTA,20190527040816,2.0190526e+13,52576,49841,102417,SCRUTINI,N,REGIONE,NULL,"51,91",2,1002,0,2321,ESERCIZIO,151,151,Europee,49844,26839,26328,53167
17,POPOLO DELLA FAMIGLIA - ALTERNATIVA POPOLARE,1-20190526000000-17.png,N,NA,154,"0,31",I,1,2,2.0140525e+13,VALLE D'AOSTA,20190527040816,2.0190526e+13,52576,49841,102417,SCRUTINI,N,REGIONE,NULL,"51,91",2,1002,0,2321,ESERCIZIO,151,151,Europee,49844,26839,26328,53167
14,FORZA NUOVA,1-20190526000000-14.png,N,NA,50,"0,10",I,1,2,2.0140525e+13,VALLE D'AOSTA,20190527040816,2.0190526e+13,52576,49841,102417,SCRUTINI,N,REGIONE,NULL,"51,91",2,1002,0,2321,ESERCIZIO,151,151,Europee,49844,26839,26328,53167
5,LEGA SALVINI PREMIER,1-20190526000000-5.png,N,NA,759948,"33,77",I,2,8,2.0140525e+13,EMILIA-ROMAGNA,20190527115328,2.0190526e+13,1773075,1663466,3436541,SCRUTINI,N,REGIONE,NULL,"67,31",8,25567,151,36977,ESERCIZIO,4522,4522,Europee,2250389,1171915,1141169,2313084
12,PARTITO DEMOCRATICO,1-20190526000000-12.png,N,NA,703131,"31,24",I,2,8,2.0140525e+13,EMILIA-ROMAGNA,20190527115328,2.0190526e+13,1773075,1663466,3436541,SCRUTINI,N,REGIONE,NULL,"67,31",8,25567,151,36977,ESERCIZIO,4522,4522,Europee,2250389,1171915,1141169,2313084
8,MOVIMENTO 5 STELLE,1-20190526000000-8.png,N,NA,290019,"12,89",I,2,8,2.0140525e+13,EMILIA-ROMAGNA,20190527115328,2.0190526e+13,1773075,1663466,3436541,SCRUTINI,N,REGIONE,NULL,"67,31",8,25567,151,36977,ESERCIZIO,4522,4522,Europee,2250389,1171915,1141169,2313084
11,FORZA ITALIA,1-20190526000000-11.png,N,NA,131992,"5,87",I,2,8,2.0140525e+13,EMILIA-ROMAGNA,20190527115328,2.0190526e+13,1773075,1663466,3436541,SCRUTINI,N,REGIONE,NULL,"67,31",8,25567,151,36977,ESERCIZIO,4522,4522,Europee,2250389,1171915,1141169,2313084
7,FRATELLI D'ITALIA,1-20190526000000-7.png,N,NA,104861,"4,66",I,2,8,2.0140525e+13,EMILIA-ROMAGNA,20190527115328,2.0190526e+13,1773075,1663466,3436541,SCRUTINI,N,REGIONE,NULL,"67,31",8,25567,151,36977,ESERCIZIO,4522,4522,Europee,2250389,1171915,1141169,2313084
1,+EUROPA - ITALIA IN COMUNE - PDE ITALIA,1-20190526000000-1.png,N,NA,80153,"3,56",I,2,8,2.0140525e+13,EMILIA-ROMAGNA,20190527115328,2.0190526e+13,1773075,1663466,3436541,SCRUTINI,N,REGIONE,NULL,"67,31",8,25567,151,36977,ESERCIZIO,4522,4522,Europee,2250389,1171915,1141169,2313084
16,EUROPA VERDE,1-20190526000000-16.png,N,NA,66002,"2,93",I,2,8,2.0140525e+13,EMILIA-ROMAGNA,20190527115328,2.0190526e+13,1773075,1663466,3436541,SCRUTINI,N,REGIONE,NULL,"67,31",8,25567,151,36977,ESERCIZIO,4522,4522,Europee,2250389,1171915,1141169,2313084
18,LA SINISTRA,1-20190526000000-18.png,N,NA,42010,"1,87",I,2,8,2.0140525e+13,EMILIA-ROMAGNA,20190527115328,2.0190526e+13,1773075,1663466,3436541,SCRUTINI,N,REGIONE,NULL,"67,31",8,25567,151,36977,ESERCIZIO,4522,4522,Europee,2250389,1171915,1141169,2313084
2,PARTITO COMUNISTA,1-20190526000000-2.png,N,NA,25291,"1,12",I,2,8,2.0140525e+13,EMILIA-ROMAGNA,20190527115328,2.0190526e+13,1773075,1663466,3436541,SCRUTINI,N,REGIONE,NULL,"67,31",8,25567,151,36977,ESERCIZIO,4522,4522,Europee,2250389,1171915,1141169,2313084
4,PARTITO ANIMALISTA,1-20190526000000-4.png,N,NA,15223,"0,68",I,2,8,2.0140525e+13,EMILIA-ROMAGNA,20190527115328,2.0190526e+13,1773075,1663466,3436541,SCRUTINI,N,REGIONE,NULL,"67,31",8,25567,151,36977,ESERCIZIO,4522,4522,Europee,2250389,1171915,1141169,2313084
17,POPOLO DELLA FAMIGLIA - ALTERNATIVA POPOLARE,1-20190526000000-17.png,N,NA,9694,"0,43",I,2,8,2.0140525e+13,EMILIA-ROMAGNA,20190527115328,2.0190526e+13,1773075,1663466,3436541,SCRUTINI,N,REGIONE,NULL,"67,31",8,25567,151,36977,ESERCIZIO,4522,4522,Europee,2250389,1171915,1141169,2313084
10,CASAPOUND ITALIA - DESTRE UNITE,1-20190526000000-10.png,N,NA,5561,"0,25",I,2,8,2.0140525e+13,EMILIA-ROMAGNA,20190527115328,2.0190526e+13,1773075,1663466,3436541,SCRUTINI,N,REGIONE,NULL,"67,31",8,25567,151,36977,ESERCIZIO,4522,4522,Europee,2250389,1171915,1141169,2313084
3,PARTITO PIRATA,1-20190526000000-3.png,N,NA,5338,"0,24",I,2,8,2.0140525e+13,EMILIA-ROMAGNA,20190527115328,2.0190526e+13,1773075,1663466,3436541,SCRUTINI,N,REGIONE,NULL,"67,31",8,25567,151,36977,ESERCIZIO,4522,4522,Europee,2250389,1171915,1141169,2313084
6,POPOLARI PER L'ITALIA,1-20190526000000-6.png,N,NA,4497,"0,20",I,2,8,2.0140525e+13,EMILIA-ROMAGNA,20190527115328,2.0190526e+13,1773075,1663466,3436541,SCRUTINI,N,REGIONE,NULL,"67,31",8,25567,151,36977,ESERCIZIO,4522,4522,Europee,2250389,1171915,1141169,2313084
14,FORZA NUOVA,1-20190526000000-14.png,N,NA,3451,"0,15",I,2,8,2.0140525e+13,EMILIA-ROMAGNA,20190527115328,2.0190526e+13,1773075,1663466,3436541,SCRUTINI,N,REGIONE,NULL,"67,31",8,25567,151,36977,ESERCIZIO,4522,4522,Europee,2250389,1171915,1141169,2313084
9,PPA MOVIMENTO POLITICO PENSIERO AZIONE,1-20190526000000-9.png,N,NA,1899,"0,08",I,2,8,2.0140525e+13,EMILIA-ROMAGNA,20190527115328,2.0190526e+13,1773075,1663466,3436541,SCRUTINI,N,REGIONE,NULL,"67,31",8,25567,151,36977,ESERCIZIO,4522,4522,Europee,2250389,1171915,1141169,2313084
15,SVP,1-20190526000000-15.png,S,11,1319,"0,06",I,2,8,2.0140525e+13,EMILIA-ROMAGNA,20190527115328,2.0190526e+13,1773075,1663466,3436541,SCRUTINI,N,REGIONE,NULL,"67,31",8,25567,151,36977,ESERCIZIO,4522,4522,Europee,2250389,1171915,1141169,2313084
5,LEGA SALVINI PREMIER,1-20190526000000-5.png,N,NA,245636,"42,56",I,2,6,2.0140525e+13,FRIULI-VENEZIA GIULIA,20190527105545,2.0190526e+13,540772,502841,1043613,SCRUTINI,N,REGIONE,NULL,"57,04",6,6356,30,11694,ESERCIZIO,1366,1366,Europee,577192,301811,293461,595272
12,PARTITO DEMOCRATICO,1-20190526000000-12.png,N,NA,128302,"22,23",I,2,6,2.0140525e+13,FRIULI-VENEZIA GIULIA,20190527105545,2.0190526e+13,540772,502841,1043613,SCRUTINI,N,REGIONE,NULL,"57,04",6,6356,30,11694,ESERCIZIO,1366,1366,Europee,577192,301811,293461,595272
8,MOVIMENTO 5 STELLE,1-20190526000000-8.png,N,NA,55529,"9,62",I,2,6,2.0140525e+13,FRIULI-VENEZIA GIULIA,20190527105545,2.0190526e+13,540772,502841,1043613,SCRUTINI,N,REGIONE,NULL,"57,04",6,6356,30,11694,ESERCIZIO,1366,1366,Europee,577192,301811,293461,595272
7,FRATELLI D'ITALIA,1-20190526000000-7.png,N,NA,43898,"7,61",I,2,6,2.0140525e+13,FRIULI-VENEZIA GIULIA,20190527105545,2.0190526e+13,540772,502841,1043613,SCRUTINI,N,REGIONE,NULL,"57,04",6,6356,30,11694,ESERCIZIO,1366,1366,Europee,577192,301811,293461,595272
11,FORZA ITALIA,1-20190526000000-11.png,N,NA,38593,"6,69",I,2,6,2.0140525e+13,FRIULI-VENEZIA GIULIA,20190527105545,2.0190526e+13,540772,502841,1043613,SCRUTINI,N,REGIONE,NULL,"57,04",6,6356,30,11694,ESERCIZIO,1366,1366,Europee,577192,301811,293461,595272
1,+EUROPA - ITALIA IN COMUNE - PDE ITALIA,1-20190526000000-1.png,N,NA,17333,"3,00",I,2,6,2.0140525e+13,FRIULI-VENEZIA GIULIA,20190527105545,2.0190526e+13,540772,502841,1043613,SCRUTINI,N,REGIONE,NULL,"57,04",6,6356,30,11694,ESERCIZIO,1366,1366,Europee,577192,301811,293461,595272
16,EUROPA VERDE,1-20190526000000-16.png,N,NA,17177,"2,98",I,2,6,2.0140525e+13,FRIULI-VENEZIA GIULIA,20190527105545,2.0190526e+13,540772,502841,1043613,SCRUTINI,N,REGIONE,NULL,"57,04",6,6356,30,11694,ESERCIZIO,1366,1366,Europee,577192,301811,293461,595272
18,LA SINISTRA,1-20190526000000-18.png,N,NA,9428,"1,63",I,2,6,2.0140525e+13,FRIULI-VENEZIA GIULIA,20190527105545,2.0190526e+13,540772,502841,1043613,SCRUTINI,N,REGIONE,NULL,"57,04",6,6356,30,11694,ESERCIZIO,1366,1366,Europee,577192,301811,293461,595272
2,PARTITO COMUNISTA,1-20190526000000-2.png,N,NA,5199,"0,90",I,2,6,2.0140525e+13,FRIULI-VENEZIA GIULIA,20190527105545,2.0190526e+13,540772,502841,1043613,SCRUTINI,N,REGIONE,NULL,"57,04",6,6356,30,11694,ESERCIZIO,1366,1366,Europee,577192,301811,293461,595272
4,PARTITO ANIMALISTA,1-20190526000000-4.png,N,NA,3682,"0,64",I,2,6,2.0140525e+13,FRIULI-VENEZIA GIULIA,20190527105545,2.0190526e+13,540772,502841,1043613,SCRUTINI,N,REGIONE,NULL,"57,04",6,6356,30,11694,ESERCIZIO,1366,1366,Europee,577192,301811,293461,595272
15,SVP,1-20190526000000-15.png,S,11,2907,"0,50",I,2,6,2.0140525e+13,FRIULI-VENEZIA GIULIA,20190527105545,2.0190526e+13,540772,502841,1043613,SCRUTINI,N,REGIONE,NULL,"57,04",6,6356,30,11694,ESERCIZIO,1366,1366,Europee,577192,301811,293461,595272
10,CASAPOUND ITALIA - DESTRE UNITE,1-20190526000000-10.png,N,NA,2709,"0,47",I,2,6,2.0140525e+13,FRIULI-VENEZIA GIULIA,20190527105545,2.0190526e+13,540772,502841,1043613,SCRUTINI,N,REGIONE,NULL,"57,04",6,6356,30,11694,ESERCIZIO,1366,1366,Europee,577192,301811,293461,595272
17,POPOLO DELLA FAMIGLIA - ALTERNATIVA POPOLARE,1-20190526000000-17.png,N,NA,2616,"0,45",I,2,6,2.0140525e+13,FRIULI-VENEZIA GIULIA,20190527105545,2.0190526e+13,540772,502841,1043613,SCRUTINI,N,REGIONE,NULL,"57,04",6,6356,30,11694,ESERCIZIO,1366,1366,Europee,577192,301811,293461,595272
3,PARTITO PIRATA,1-20190526000000-3.png,N,NA,1780,"0,31",I,2,6,2.0140525e+13,FRIULI-VENEZIA GIULIA,20190527105545,2.0190526e+13,540772,502841,1043613,SCRUTINI,N,REGIONE,NULL,"57,04",6,6356,30,11694,ESERCIZIO,1366,1366,Europee,577192,301811,293461,595272
14,FORZA NUOVA,1-20190526000000-14.png,N,NA,926,"0,16",I,2,6,2.0140525e+13,FRIULI-VENEZIA GIULIA,20190527105545,2.0190526e+13,540772,502841,1043613,SCRUTINI,N,REGIONE,NULL,"57,04",6,6356,30,11694,ESERCIZIO,1366,1366,Europee,577192,301811,293461,595272
6,POPOLARI PER L'ITALIA,1-20190526000000-6.png,N,NA,920,"0,16",I,2,6,2.0140525e+13,FRIULI-VENEZIA GIULIA,20190527105545,2.0190526e+13,540772,502841,1043613,SCRUTINI,N,REGIONE,NULL,"57,04",6,6356,30,11694,ESERCIZIO,1366,1366,Europee,577192,301811,293461,595272
9,PPA MOVIMENTO POLITICO PENSIERO AZIONE,1-20190526000000-9.png,N,NA,557,"0,10",I,2,6,2.0140525e+13,FRIULI-VENEZIA GIULIA,20190527105545,2.0190526e+13,540772,502841,1043613,SCRUTINI,N,REGIONE,NULL,"57,04",6,6356,30,11694,ESERCIZIO,1366,1366,Europee,577192,301811,293461,595272
5,LEGA SALVINI PREMIER,1-20190526000000-5.png,N,NA,137739,"27,78",I,2,4,2.0140525e+13,TRENTINO-ALTO ADIGE,20190527085518,2.0190526e+13,436550,420846,857396,SCRUTINI,N,REGIONE,NULL,"59,88",4,8004,30,9606,ESERCIZIO,1017,1017,Europee,495810,260916,252534,513450
15,SVP,1-20190526000000-15.png,S,11,129795,"26,18",I,2,4,2.0140525e+13,TRENTINO-ALTO ADIGE,20190527085518,2.0190526e+13,436550,420846,857396,SCRUTINI,N,REGIONE,NULL,"59,88",4,8004,30,9606,ESERCIZIO,1017,1017,Europee,495810,260916,252534,513450
12,PARTITO DEMOCRATICO,1-20190526000000-12.png,N,NA,79329,"16,00",I,2,4,2.0140525e+13,TRENTINO-ALTO ADIGE,20190527085518,2.0190526e+13,436550,420846,857396,SCRUTINI,N,REGIONE,NULL,"59,88",4,8004,30,9606,ESERCIZIO,1017,1017,Europee,495810,260916,252534,513450
1,+EUROPA - ITALIA IN COMUNE - PDE ITALIA,1-20190526000000-1.png,N,NA,35044,"7,07",I,2,4,2.0140525e+13,TRENTINO-ALTO ADIGE,20190527085518,2.0190526e+13,436550,420846,857396,SCRUTINI,N,REGIONE,NULL,"59,88",4,8004,30,9606,ESERCIZIO,1017,1017,Europee,495810,260916,252534,513450
16,EUROPA VERDE,1-20190526000000-16.png,N,NA,31561,"6,37",I,2,4,2.0140525e+13,TRENTINO-ALTO ADIGE,20190527085518,2.0190526e+13,436550,420846,857396,SCRUTINI,N,REGIONE,NULL,"59,88",4,8004,30,9606,ESERCIZIO,1017,1017,Europee,495810,260916,252534,513450
8,MOVIMENTO 5 STELLE,1-20190526000000-8.png,N,NA,31167,"6,29",I,2,4,2.0140525e+13,TRENTINO-ALTO ADIGE,20190527085518,2.0190526e+13,436550,420846,857396,SCRUTINI,N,REGIONE,NULL,"59,88",4,8004,30,9606,ESERCIZIO,1017,1017,Europee,495810,260916,252534,513450
11,FORZA ITALIA,1-20190526000000-11.png,N,NA,17587,"3,55",I,2,4,2.0140525e+13,TRENTINO-ALTO ADIGE,20190527085518,2.0190526e+13,436550,420846,857396,SCRUTINI,N,REGIONE,NULL,"59,88",4,8004,30,9606,ESERCIZIO,1017,1017,Europee,495810,260916,252534,513450
7,FRATELLI D'ITALIA,1-20190526000000-7.png,N,NA,16695,"3,37",I,2,4,2.0140525e+13,TRENTINO-ALTO ADIGE,20190527085518,2.0190526e+13,436550,420846,857396,SCRUTINI,N,REGIONE,NULL,"59,88",4,8004,30,9606,ESERCIZIO,1017,1017,Europee,495810,260916,252534,513450
18,LA SINISTRA,1-20190526000000-18.png,N,NA,5969,"1,20",I,2,4,2.0140525e+13,TRENTINO-ALTO ADIGE,20190527085518,2.0190526e+13,436550,420846,857396,SCRUTINI,N,REGIONE,NULL,"59,88",4,8004,30,9606,ESERCIZIO,1017,1017,Europee,495810,260916,252534,513450
4,PARTITO ANIMALISTA,1-20190526000000-4.png,N,NA,2453,"0,49",I,2,4,2.0140525e+13,TRENTINO-ALTO ADIGE,20190527085518,2.0190526e+13,436550,420846,857396,SCRUTINI,N,REGIONE,NULL,"59,88",4,8004,30,9606,ESERCIZIO,1017,1017,Europee,495810,260916,252534,513450
10,CASAPOUND ITALIA - DESTRE UNITE,1-20190526000000-10.png,N,NA,2003,"0,40",I,2,4,2.0140525e+13,TRENTINO-ALTO ADIGE,20190527085518,2.0190526e+13,436550,420846,857396,SCRUTINI,N,REGIONE,NULL,"59,88",4,8004,30,9606,ESERCIZIO,1017,1017,Europee,495810,260916,252534,513450
2,PARTITO COMUNISTA,1-20190526000000-2.png,N,NA,1744,"0,35",I,2,4,2.0140525e+13,TRENTINO-ALTO ADIGE,20190527085518,2.0190526e+13,436550,420846,857396,SCRUTINI,N,REGIONE,NULL,"59,88",4,8004,30,9606,ESERCIZIO,1017,1017,Europee,495810,260916,252534,513450
6,POPOLARI PER L'ITALIA,1-20190526000000-6.png,N,NA,1691,"0,34",I,2,4,2.0140525e+13,TRENTINO-ALTO ADIGE,20190527085518,2.0190526e+13,436550,420846,857396,SCRUTINI,N,REGIONE,NULL,"59,88",4,8004,30,9606,ESERCIZIO,1017,1017,Europee,495810,260916,252534,513450
17,POPOLO DELLA FAMIGLIA - ALTERNATIVA POPOLARE,1-20190526000000-17.png,N,NA,1343,"0,27",I,2,4,2.0140525e+13,TRENTINO-ALTO ADIGE,20190527085518,2.0190526e+13,436550,420846,857396,SCRUTINI,N,REGIONE,NULL,"59,88",4,8004,30,9606,ESERCIZIO,1017,1017,Europee,495810,260916,252534,513450
3,PARTITO PIRATA,1-20190526000000-3.png,N,NA,989,"0,20",I,2,4,2.0140525e+13,TRENTINO-ALTO ADIGE,20190527085518,2.0190526e+13,436550,420846,857396,SCRUTINI,N,REGIONE,NULL,"59,88",4,8004,30,9606,ESERCIZIO,1017,1017,Europee,495810,260916,252534,513450
9,PPA MOVIMENTO POLITICO PENSIERO AZIONE,1-20190526000000-9.png,N,NA,361,"0,07",I,2,4,2.0140525e+13,TRENTINO-ALTO ADIGE,20190527085518,2.0190526e+13,436550,420846,857396,SCRUTINI,N,REGIONE,NULL,"59,88",4,8004,30,9606,ESERCIZIO,1017,1017,Europee,495810,260916,252534,513450
14,FORZA NUOVA,1-20190526000000-14.png,N,NA,340,"0,07",I,2,4,2.0140525e+13,TRENTINO-ALTO ADIGE,20190527085518,2.0190526e+13,436550,420846,857396,SCRUTINI,N,REGIONE,NULL,"59,88",4,8004,30,9606,ESERCIZIO,1017,1017,Europee,495810,260916,252534,513450
5,LEGA SALVINI PREMIER,1-20190526000000-5.png,N,NA,1234610,"49,88",I,2,5,2.0140525e+13,VENETO,20190527144300,2.0190526e+13,2049288,1942685,3991973,SCRUTINI,N,REGIONE,NULL,"63,74",5,26501,118,42555,ESERCIZIO,4747,4747,Europee,2475148,1281927,1262395,2544322
12,PARTITO DEMOCRATICO,1-20190526000000-12.png,N,NA,468789,"18,94",I,2,5,2.0140525e+13,VENETO,20190527144300,2.0190526e+13,2049288,1942685,3991973,SCRUTINI,N,REGIONE,NULL,"63,74",5,26501,118,42555,ESERCIZIO,4747,4747,Europee,2475148,1281927,1262395,2544322
8,MOVIMENTO 5 STELLE,1-20190526000000-8.png,N,NA,220429,"8,91",I,2,5,2.0140525e+13,VENETO,20190527144300,2.0190526e+13,2049288,1942685,3991973,SCRUTINI,N,REGIONE,NULL,"63,74",5,26501,118,42555,ESERCIZIO,4747,4747,Europee,2475148,1281927,1262395,2544322
7,FRATELLI D'ITALIA,1-20190526000000-7.png,N,NA,167394,"6,76",I,2,5,2.0140525e+13,VENETO,20190527144300,2.0190526e+13,2049288,1942685,3991973,SCRUTINI,N,REGIONE,NULL,"63,74",5,26501,118,42555,ESERCIZIO,4747,4747,Europee,2475148,1281927,1262395,2544322
11,FORZA ITALIA,1-20190526000000-11.png,N,NA,149636,"6,05",I,2,5,2.0140525e+13,VENETO,20190527144300,2.0190526e+13,2049288,1942685,3991973,SCRUTINI,N,REGIONE,NULL,"63,74",5,26501,118,42555,ESERCIZIO,4747,4747,Europee,2475148,1281927,1262395,2544322
16,EUROPA VERDE,1-20190526000000-16.png,N,NA,67846,"2,74",I,2,5,2.0140525e+13,VENETO,20190527144300,2.0190526e+13,2049288,1942685,3991973,SCRUTINI,N,REGIONE,NULL,"63,74",5,26501,118,42555,ESERCIZIO,4747,4747,Europee,2475148,1281927,1262395,2544322
1,+EUROPA - ITALIA IN COMUNE - PDE ITALIA,1-20190526000000-1.png,N,NA,67342,"2,72",I,2,5,2.0140525e+13,VENETO,20190527144300,2.0190526e+13,2049288,1942685,3991973,SCRUTINI,N,REGIONE,NULL,"63,74",5,26501,118,42555,ESERCIZIO,4747,4747,Europee,2475148,1281927,1262395,2544322
18,LA SINISTRA,1-20190526000000-18.png,N,NA,25981,"1,05",I,2,5,2.0140525e+13,VENETO,20190527144300,2.0190526e+13,2049288,1942685,3991973,SCRUTINI,N,REGIONE,NULL,"63,74",5,26501,118,42555,ESERCIZIO,4747,4747,Europee,2475148,1281927,1262395,2544322
4,PARTITO ANIMALISTA,1-20190526000000-4.png,N,NA,13291,"0,54",I,2,5,2.0140525e+13,VENETO,20190527144300,2.0190526e+13,2049288,1942685,3991973,SCRUTINI,N,REGIONE,NULL,"63,74",5,26501,118,42555,ESERCIZIO,4747,4747,Europee,2475148,1281927,1262395,2544322
17,POPOLO DELLA FAMIGLIA - ALTERNATIVA POPOLARE,1-20190526000000-17.png,N,NA,13145,"0,53",I,2,5,2.0140525e+13,VENETO,20190527144300,2.0190526e+13,2049288,1942685,3991973,SCRUTINI,N,REGIONE,NULL,"63,74",5,26501,118,42555,ESERCIZIO,4747,4747,Europee,2475148,1281927,1262395,2544322
2,PARTITO COMUNISTA,1-20190526000000-2.png,N,NA,12919,"0,52",I,2,5,2.0140525e+13,VENETO,20190527144300,2.0190526e+13,2049288,1942685,3991973,SCRUTINI,N,REGIONE,NULL,"63,74",5,26501,118,42555,ESERCIZIO,4747,4747,Europee,2475148,1281927,1262395,2544322
10,CASAPOUND ITALIA - DESTRE UNITE,1-20190526000000-10.png,N,NA,7737,"0,31",I,2,5,2.0140525e+13,VENETO,20190527144300,2.0190526e+13,2049288,1942685,3991973,SCRUTINI,N,REGIONE,NULL,"63,74",5,26501,118,42555,ESERCIZIO,4747,4747,Europee,2475148,1281927,1262395,2544322
15,SVP,1-20190526000000-15.png,S,11,7332,"0,30",I,2,5,2.0140525e+13,VENETO,20190527144300,2.0190526e+13,2049288,1942685,3991973,SCRUTINI,N,REGIONE,NULL,"63,74",5,26501,118,42555,ESERCIZIO,4747,4747,Europee,2475148,1281927,1262395,2544322
3,PARTITO PIRATA,1-20190526000000-3.png,N,NA,6530,"0,26",I,2,5,2.0140525e+13,VENETO,20190527144300,2.0190526e+13,2049288,1942685,3991973,SCRUTINI,N,REGIONE,NULL,"63,74",5,26501,118,42555,ESERCIZIO,4747,4747,Europee,2475148,1281927,1262395,2544322
14,FORZA NUOVA,1-20190526000000-14.png,N,NA,5352,"0,22",I,2,5,2.0140525e+13,VENETO,20190527144300,2.0190526e+13,2049288,1942685,3991973,SCRUTINI,N,REGIONE,NULL,"63,74",5,26501,118,42555,ESERCIZIO,4747,4747,Europee,2475148,1281927,1262395,2544322
6,POPOLARI PER L'ITALIA,1-20190526000000-6.png,N,NA,4615,"0,19",I,2,5,2.0140525e+13,VENETO,20190527144300,2.0190526e+13,2049288,1942685,3991973,SCRUTINI,N,REGIONE,NULL,"63,74",5,26501,118,42555,ESERCIZIO,4747,4747,Europee,2475148,1281927,1262395,2544322
9,PPA MOVIMENTO POLITICO PENSIERO AZIONE,1-20190526000000-9.png,N,NA,2200,"0,09",I,2,5,2.0140525e+13,VENETO,20190527144300,2.0190526e+13,2049288,1942685,3991973,SCRUTINI,N,REGIONE,NULL,"63,74",5,26501,118,42555,ESERCIZIO,4747,4747,Europee,2475148,1281927,1262395,2544322
5,LEGA SALVINI PREMIER,1-20190526000000-5.png,N,NA,793889,"32,66",I,3,12,2.0140525e+13,LAZIO,20190527125839,2.0190526e+13,2440709,2236172,4676881,SCRUTINI,N,REGIONE,NULL,"53,32",12,18986,702,42842,ESERCIZIO,5298,5298,Europee,2431086,1263816,1229800,2493616
12,PARTITO DEMOCRATICO,1-20190526000000-12.png,N,NA,578253,"23,79",I,3,12,2.0140525e+13,LAZIO,20190527125839,2.0190526e+13,2440709,2236172,4676881,SCRUTINI,N,REGIONE,NULL,"53,32",12,18986,702,42842,ESERCIZIO,5298,5298,Europee,2431086,1263816,1229800,2493616
8,MOVIMENTO 5 STELLE,1-20190526000000-8.png,N,NA,436102,"17,94",I,3,12,2.0140525e+13,LAZIO,20190527125839,2.0190526e+13,2440709,2236172,4676881,SCRUTINI,N,REGIONE,NULL,"53,32",12,18986,702,42842,ESERCIZIO,5298,5298,Europee,2431086,1263816,1229800,2493616
7,FRATELLI D'ITALIA,1-20190526000000-7.png,N,NA,218875,"9,00",I,3,12,2.0140525e+13,LAZIO,20190527125839,2.0190526e+13,2440709,2236172,4676881,SCRUTINI,N,REGIONE,NULL,"53,32",12,18986,702,42842,ESERCIZIO,5298,5298,Europee,2431086,1263816,1229800,2493616
11,FORZA ITALIA,1-20190526000000-11.png,N,NA,164749,"6,78",I,3,12,2.0140525e+13,LAZIO,20190527125839,2.0190526e+13,2440709,2236172,4676881,SCRUTINI,N,REGIONE,NULL,"53,32",12,18986,702,42842,ESERCIZIO,5298,5298,Europee,2431086,1263816,1229800,2493616
1,+EUROPA - ITALIA IN COMUNE - PDE ITALIA,1-20190526000000-1.png,N,NA,74275,"3,06",I,3,12,2.0140525e+13,LAZIO,20190527125839,2.0190526e+13,2440709,2236172,4676881,SCRUTINI,N,REGIONE,NULL,"53,32",12,18986,702,42842,ESERCIZIO,5298,5298,Europee,2431086,1263816,1229800,2493616
18,LA SINISTRA,1-20190526000000-18.png,N,NA,51632,"2,12",I,3,12,2.0140525e+13,LAZIO,20190527125839,2.0190526e+13,2440709,2236172,4676881,SCRUTINI,N,REGIONE,NULL,"53,32",12,18986,702,42842,ESERCIZIO,5298,5298,Europee,2431086,1263816,1229800,2493616
16,EUROPA VERDE,1-20190526000000-16.png,N,NA,46434,"1,91",I,3,12,2.0140525e+13,LAZIO,20190527125839,2.0190526e+13,2440709,2236172,4676881,SCRUTINI,N,REGIONE,NULL,"53,32",12,18986,702,42842,ESERCIZIO,5298,5298,Europee,2431086,1263816,1229800,2493616
2,PARTITO COMUNISTA,1-20190526000000-2.png,N,NA,22446,"0,92",I,3,12,2.0140525e+13,LAZIO,20190527125839,2.0190526e+13,2440709,2236172,4676881,SCRUTINI,N,REGIONE,NULL,"53,32",12,18986,702,42842,ESERCIZIO,5298,5298,Europee,2431086,1263816,1229800,2493616
10,CASAPOUND ITALIA - DESTRE UNITE,1-20190526000000-10.png,N,NA,12511,"0,51",I,3,12,2.0140525e+13,LAZIO,20190527125839,2.0190526e+13,2440709,2236172,4676881,SCRUTINI,N,REGIONE,NULL,"53,32",12,18986,702,42842,ESERCIZIO,5298,5298,Europee,2431086,1263816,1229800,2493616
4,PARTITO ANIMALISTA,1-20190526000000-4.png,N,NA,11509,"0,47",I,3,12,2.0140525e+13,LAZIO,20190527125839,2.0190526e+13,2440709,2236172,4676881,SCRUTINI,N,REGIONE,NULL,"53,32",12,18986,702,42842,ESERCIZIO,5298,5298,Europee,2431086,1263816,1229800,2493616
17,POPOLO DELLA FAMIGLIA - ALTERNATIVA POPOLARE,1-20190526000000-17.png,N,NA,7367,"0,30",I,3,12,2.0140525e+13,LAZIO,20190527125839,2.0190526e+13,2440709,2236172,4676881,SCRUTINI,N,REGIONE,NULL,"53,32",12,18986,702,42842,ESERCIZIO,5298,5298,Europee,2431086,1263816,1229800,2493616
6,POPOLARI PER L'ITALIA,1-20190526000000-6.png,N,NA,5533,"0,23",I,3,12,2.0140525e+13,LAZIO,20190527125839,2.0190526e+13,2440709,2236172,4676881,SCRUTINI,N,REGIONE,NULL,"53,32",12,18986,702,42842,ESERCIZIO,5298,5298,Europee,2431086,1263816,1229800,2493616
3,PARTITO PIRATA,1-20190526000000-3.png,N,NA,4546,"0,19",I,3,12,2.0140525e+13,LAZIO,20190527125839,2.0190526e+13,2440709,2236172,4676881,SCRUTINI,N,REGIONE,NULL,"53,32",12,18986,702,42842,ESERCIZIO,5298,5298,Europee,2431086,1263816,1229800,2493616
14,FORZA NUOVA,1-20190526000000-14.png,N,NA,2965,"0,12",I,3,12,2.0140525e+13,LAZIO,20190527125839,2.0190526e+13,2440709,2236172,4676881,SCRUTINI,N,REGIONE,NULL,"53,32",12,18986,702,42842,ESERCIZIO,5298,5298,Europee,2431086,1263816,1229800,2493616
5,LEGA SALVINI PREMIER,1-20190526000000-5.png,N,NA,291061,"37,98",I,3,11,2.0140525e+13,MARCHE,20190527090726,2.0190526e+13,652539,611672,1264211,SCRUTINI,N,REGIONE,NULL,"62,79",11,14113,43,13306,ESERCIZIO,1573,1573,Europee,766303,394415,399350,793765
12,PARTITO DEMOCRATICO,1-20190526000000-12.png,N,NA,170596,"22,26",I,3,11,2.0140525e+13,MARCHE,20190527090726,2.0190526e+13,652539,611672,1264211,SCRUTINI,N,REGIONE,NULL,"62,79",11,14113,43,13306,ESERCIZIO,1573,1573,Europee,766303,394415,399350,793765
8,MOVIMENTO 5 STELLE,1-20190526000000-8.png,N,NA,141239,"18,43",I,3,11,2.0140525e+13,MARCHE,20190527090726,2.0190526e+13,652539,611672,1264211,SCRUTINI,N,REGIONE,NULL,"62,79",11,14113,43,13306,ESERCIZIO,1573,1573,Europee,766303,394415,399350,793765
7,FRATELLI D'ITALIA,1-20190526000000-7.png,N,NA,44644,"5,83",I,3,11,2.0140525e+13,MARCHE,20190527090726,2.0190526e+13,652539,611672,1264211,SCRUTINI,N,REGIONE,NULL,"62,79",11,14113,43,13306,ESERCIZIO,1573,1573,Europee,766303,394415,399350,793765
11,FORZA ITALIA,1-20190526000000-11.png,N,NA,42381,"5,53",I,3,11,2.0140525e+13,MARCHE,20190527090726,2.0190526e+13,652539,611672,1264211,SCRUTINI,N,REGIONE,NULL,"62,79",11,14113,43,13306,ESERCIZIO,1573,1573,Europee,766303,394415,399350,793765
1,+EUROPA - ITALIA IN COMUNE - PDE ITALIA,1-20190526000000-1.png,N,NA,21430,"2,80",I,3,11,2.0140525e+13,MARCHE,20190527090726,2.0190526e+13,652539,611672,1264211,SCRUTINI,N,REGIONE,NULL,"62,79",11,14113,43,13306,ESERCIZIO,1573,1573,Europee,766303,394415,399350,793765
16,EUROPA VERDE,1-20190526000000-16.png,N,NA,17210,"2,25",I,3,11,2.0140525e+13,MARCHE,20190527090726,2.0190526e+13,652539,611672,1264211,SCRUTINI,N,REGIONE,NULL,"62,79",11,14113,43,13306,ESERCIZIO,1573,1573,Europee,766303,394415,399350,793765
18,LA SINISTRA,1-20190526000000-18.png,N,NA,12517,"1,63",I,3,11,2.0140525e+13,MARCHE,20190527090726,2.0190526e+13,652539,611672,1264211,SCRUTINI,N,REGIONE,NULL,"62,79",11,14113,43,13306,ESERCIZIO,1573,1573,Europee,766303,394415,399350,793765
2,PARTITO COMUNISTA,1-20190526000000-2.png,N,NA,8266,"1,08",I,3,11,2.0140525e+13,MARCHE,20190527090726,2.0190526e+13,652539,611672,1264211,SCRUTINI,N,REGIONE,NULL,"62,79",11,14113,43,13306,ESERCIZIO,1573,1573,Europee,766303,394415,399350,793765
4,PARTITO ANIMALISTA,1-20190526000000-4.png,N,NA,4335,"0,57",I,3,11,2.0140525e+13,MARCHE,20190527090726,2.0190526e+13,652539,611672,1264211,SCRUTINI,N,REGIONE,NULL,"62,79",11,14113,43,13306,ESERCIZIO,1573,1573,Europee,766303,394415,399350,793765
17,POPOLO DELLA FAMIGLIA - ALTERNATIVA POPOLARE,1-20190526000000-17.png,N,NA,3952,"0,52",I,3,11,2.0140525e+13,MARCHE,20190527090726,2.0190526e+13,652539,611672,1264211,SCRUTINI,N,REGIONE,NULL,"62,79",11,14113,43,13306,ESERCIZIO,1573,1573,Europee,766303,394415,399350,793765
10,CASAPOUND ITALIA - DESTRE UNITE,1-20190526000000-10.png,N,NA,3658,"0,48",I,3,11,2.0140525e+13,MARCHE,20190527090726,2.0190526e+13,652539,611672,1264211,SCRUTINI,N,REGIONE,NULL,"62,79",11,14113,43,13306,ESERCIZIO,1573,1573,Europee,766303,394415,399350,793765
6,POPOLARI PER L'ITALIA,1-20190526000000-6.png,N,NA,2116,"0,28",I,3,11,2.0140525e+13,MARCHE,20190527090726,2.0190526e+13,652539,611672,1264211,SCRUTINI,N,REGIONE,NULL,"62,79",11,14113,43,13306,ESERCIZIO,1573,1573,Europee,766303,394415,399350,793765
3,PARTITO PIRATA,1-20190526000000-3.png,N,NA,1882,"0,25",I,3,11,2.0140525e+13,MARCHE,20190527090726,2.0190526e+13,652539,611672,1264211,SCRUTINI,N,REGIONE,NULL,"62,79",11,14113,43,13306,ESERCIZIO,1573,1573,Europee,766303,394415,399350,793765
14,FORZA NUOVA,1-20190526000000-14.png,N,NA,1016,"0,13",I,3,11,2.0140525e+13,MARCHE,20190527090726,2.0190526e+13,652539,611672,1264211,SCRUTINI,N,REGIONE,NULL,"62,79",11,14113,43,13306,ESERCIZIO,1573,1573,Europee,766303,394415,399350,793765
12,PARTITO DEMOCRATICO,1-20190526000000-12.png,N,NA,622934,"33,31",I,3,9,2.0140525e+13,TOSCANA,20190527084359,2.0190526e+13,1529822,1407838,2937660,SCRUTINI,N,REGIONE,NULL,"65,75",9,24024,173,37067,ESERCIZIO,3947,3947,Europee,1870391,980465,951190,1931655
5,LEGA SALVINI PREMIER,1-20190526000000-5.png,N,NA,588727,"31,48",I,3,9,2.0140525e+13,TOSCANA,20190527084359,2.0190526e+13,1529822,1407838,2937660,SCRUTINI,N,REGIONE,NULL,"65,75",9,24024,173,37067,ESERCIZIO,3947,3947,Europee,1870391,980465,951190,1931655
8,MOVIMENTO 5 STELLE,1-20190526000000-8.png,N,NA,237109,"12,68",I,3,9,2.0140525e+13,TOSCANA,20190527084359,2.0190526e+13,1529822,1407838,2937660,SCRUTINI,N,REGIONE,NULL,"65,75",9,24024,173,37067,ESERCIZIO,3947,3947,Europee,1870391,980465,951190,1931655
11,FORZA ITALIA,1-20190526000000-11.png,N,NA,108793,"5,82",I,3,9,2.0140525e+13,TOSCANA,20190527084359,2.0190526e+13,1529822,1407838,2937660,SCRUTINI,N,REGIONE,NULL,"65,75",9,24024,173,37067,ESERCIZIO,3947,3947,Europee,1870391,980465,951190,1931655
7,FRATELLI D'ITALIA,1-20190526000000-7.png,N,NA,92233,"4,93",I,3,9,2.0140525e+13,TOSCANA,20190527084359,2.0190526e+13,1529822,1407838,2937660,SCRUTINI,N,REGIONE,NULL,"65,75",9,24024,173,37067,ESERCIZIO,3947,3947,Europee,1870391,980465,951190,1931655
1,+EUROPA - ITALIA IN COMUNE - PDE ITALIA,1-20190526000000-1.png,N,NA,57069,"3,05",I,3,9,2.0140525e+13,TOSCANA,20190527084359,2.0190526e+13,1529822,1407838,2937660,SCRUTINI,N,REGIONE,NULL,"65,75",9,24024,173,37067,ESERCIZIO,3947,3947,Europee,1870391,980465,951190,1931655
18,LA SINISTRA,1-20190526000000-18.png,N,NA,48715,"2,60",I,3,9,2.0140525e+13,TOSCANA,20190527084359,2.0190526e+13,1529822,1407838,2937660,SCRUTINI,N,REGIONE,NULL,"65,75",9,24024,173,37067,ESERCIZIO,3947,3947,Europee,1870391,980465,951190,1931655
16,EUROPA VERDE,1-20190526000000-16.png,N,NA,46835,"2,50",I,3,9,2.0140525e+13,TOSCANA,20190527084359,2.0190526e+13,1529822,1407838,2937660,SCRUTINI,N,REGIONE,NULL,"65,75",9,24024,173,37067,ESERCIZIO,3947,3947,Europee,1870391,980465,951190,1931655
2,PARTITO COMUNISTA,1-20190526000000-2.png,N,NA,31425,"1,68",I,3,9,2.0140525e+13,TOSCANA,20190527084359,2.0190526e+13,1529822,1407838,2937660,SCRUTINI,N,REGIONE,NULL,"65,75",9,24024,173,37067,ESERCIZIO,3947,3947,Europee,1870391,980465,951190,1931655
4,PARTITO ANIMALISTA,1-20190526000000-4.png,N,NA,12923,"0,69",I,3,9,2.0140525e+13,TOSCANA,20190527084359,2.0190526e+13,1529822,1407838,2937660,SCRUTINI,N,REGIONE,NULL,"65,75",9,24024,173,37067,ESERCIZIO,3947,3947,Europee,1870391,980465,951190,1931655
10,CASAPOUND ITALIA - DESTRE UNITE,1-20190526000000-10.png,N,NA,6942,"0,37",I,3,9,2.0140525e+13,TOSCANA,20190527084359,2.0190526e+13,1529822,1407838,2937660,SCRUTINI,N,REGIONE,NULL,"65,75",9,24024,173,37067,ESERCIZIO,3947,3947,Europee,1870391,980465,951190,1931655
17,POPOLO DELLA FAMIGLIA - ALTERNATIVA POPOLARE,1-20190526000000-17.png,N,NA,5816,"0,31",I,3,9,2.0140525e+13,TOSCANA,20190527084359,2.0190526e+13,1529822,1407838,2937660,SCRUTINI,N,REGIONE,NULL,"65,75",9,24024,173,37067,ESERCIZIO,3947,3947,Europee,1870391,980465,951190,1931655
3,PARTITO PIRATA,1-20190526000000-3.png,N,NA,5526,"0,30",I,3,9,2.0140525e+13,TOSCANA,20190527084359,2.0190526e+13,1529822,1407838,2937660,SCRUTINI,N,REGIONE,NULL,"65,75",9,24024,173,37067,ESERCIZIO,3947,3947,Europee,1870391,980465,951190,1931655
6,POPOLARI PER L'ITALIA,1-20190526000000-6.png,N,NA,3162,"0,17",I,3,9,2.0140525e+13,TOSCANA,20190527084359,2.0190526e+13,1529822,1407838,2937660,SCRUTINI,N,REGIONE,NULL,"65,75",9,24024,173,37067,ESERCIZIO,3947,3947,Europee,1870391,980465,951190,1931655
14,FORZA NUOVA,1-20190526000000-14.png,N,NA,2182,"0,12",I,3,9,2.0140525e+13,TOSCANA,20190527084359,2.0190526e+13,1529822,1407838,2937660,SCRUTINI,N,REGIONE,NULL,"65,75",9,24024,173,37067,ESERCIZIO,3947,3947,Europee,1870391,980465,951190,1931655
5,LEGA SALVINI PREMIER,1-20190526000000-5.png,N,NA,171458,"38,18",I,3,10,2.0140525e+13,UMBRIA,20190527113822,2.0190526e+13,353394,328080,681474,SCRUTINI,N,REGIONE,NULL,"68,26",10,7127,71,8905,ESERCIZIO,1005,1005,Europee,449074,231732,233445,465177
12,PARTITO DEMOCRATICO,1-20190526000000-12.png,N,NA,107687,"23,98",I,3,10,2.0140525e+13,UMBRIA,20190527113822,2.0190526e+13,353394,328080,681474,SCRUTINI,N,REGIONE,NULL,"68,26",10,7127,71,8905,ESERCIZIO,1005,1005,Europee,449074,231732,233445,465177
8,MOVIMENTO 5 STELLE,1-20190526000000-8.png,N,NA,65718,"14,63",I,3,10,2.0140525e+13,UMBRIA,20190527113822,2.0190526e+13,353394,328080,681474,SCRUTINI,N,REGIONE,NULL,"68,26",10,7127,71,8905,ESERCIZIO,1005,1005,Europee,449074,231732,233445,465177
7,FRATELLI D'ITALIA,1-20190526000000-7.png,N,NA,29551,"6,58",I,3,10,2.0140525e+13,UMBRIA,20190527113822,2.0190526e+13,353394,328080,681474,SCRUTINI,N,REGIONE,NULL,"68,26",10,7127,71,8905,ESERCIZIO,1005,1005,Europee,449074,231732,233445,465177
11,FORZA ITALIA,1-20190526000000-11.png,N,NA,28828,"6,42",I,3,10,2.0140525e+13,UMBRIA,20190527113822,2.0190526e+13,353394,328080,681474,SCRUTINI,N,REGIONE,NULL,"68,26",10,7127,71,8905,ESERCIZIO,1005,1005,Europee,449074,231732,233445,465177
1,+EUROPA - ITALIA IN COMUNE - PDE ITALIA,1-20190526000000-1.png,N,NA,12062,"2,69",I,3,10,2.0140525e+13,UMBRIA,20190527113822,2.0190526e+13,353394,328080,681474,SCRUTINI,N,REGIONE,NULL,"68,26",10,7127,71,8905,ESERCIZIO,1005,1005,Europee,449074,231732,233445,465177
18,LA SINISTRA,1-20190526000000-18.png,N,NA,9427,"2,10",I,3,10,2.0140525e+13,UMBRIA,20190527113822,2.0190526e+13,353394,328080,681474,SCRUTINI,N,REGIONE,NULL,"68,26",10,7127,71,8905,ESERCIZIO,1005,1005,Europee,449074,231732,233445,465177
16,EUROPA VERDE,1-20190526000000-16.png,N,NA,7846,"1,75",I,3,10,2.0140525e+13,UMBRIA,20190527113822,2.0190526e+13,353394,328080,681474,SCRUTINI,N,REGIONE,NULL,"68,26",10,7127,71,8905,ESERCIZIO,1005,1005,Europee,449074,231732,233445,465177
2,PARTITO COMUNISTA,1-20190526000000-2.png,N,NA,7001,"1,56",I,3,10,2.0140525e+13,UMBRIA,20190527113822,2.0190526e+13,353394,328080,681474,SCRUTINI,N,REGIONE,NULL,"68,26",10,7127,71,8905,ESERCIZIO,1005,1005,Europee,449074,231732,233445,465177
4,PARTITO ANIMALISTA,1-20190526000000-4.png,N,NA,2419,"0,54",I,3,10,2.0140525e+13,UMBRIA,20190527113822,2.0190526e+13,353394,328080,681474,SCRUTINI,N,REGIONE,NULL,"68,26",10,7127,71,8905,ESERCIZIO,1005,1005,Europee,449074,231732,233445,465177
17,POPOLO DELLA FAMIGLIA - ALTERNATIVA POPOLARE,1-20190526000000-17.png,N,NA,2375,"0,53",I,3,10,2.0140525e+13,UMBRIA,20190527113822,2.0190526e+13,353394,328080,681474,SCRUTINI,N,REGIONE,NULL,"68,26",10,7127,71,8905,ESERCIZIO,1005,1005,Europee,449074,231732,233445,465177
10,CASAPOUND ITALIA - DESTRE UNITE,1-20190526000000-10.png,N,NA,2215,"0,49",I,3,10,2.0140525e+13,UMBRIA,20190527113822,2.0190526e+13,353394,328080,681474,SCRUTINI,N,REGIONE,NULL,"68,26",10,7127,71,8905,ESERCIZIO,1005,1005,Europee,449074,231732,233445,465177
3,PARTITO PIRATA,1-20190526000000-3.png,N,NA,975,"0,22",I,3,10,2.0140525e+13,UMBRIA,20190527113822,2.0190526e+13,353394,328080,681474,SCRUTINI,N,REGIONE,NULL,"68,26",10,7127,71,8905,ESERCIZIO,1005,1005,Europee,449074,231732,233445,465177
6,POPOLARI PER L'ITALIA,1-20190526000000-6.png,N,NA,959,"0,21",I,3,10,2.0140525e+13,UMBRIA,20190527113822,2.0190526e+13,353394,328080,681474,SCRUTINI,N,REGIONE,NULL,"68,26",10,7127,71,8905,ESERCIZIO,1005,1005,Europee,449074,231732,233445,465177
14,FORZA NUOVA,1-20190526000000-14.png,N,NA,553,"0,12",I,3,10,2.0140525e+13,UMBRIA,20190527113822,2.0190526e+13,353394,328080,681474,SCRUTINI,N,REGIONE,NULL,"68,26",10,7127,71,8905,ESERCIZIO,1005,1005,Europee,449074,231732,233445,465177
5,LEGA SALVINI PREMIER,1-20190526000000-5.png,N,NA,205370,"35,31",I,4,13,2.0140525e+13,ABRUZZO,20190527111609,2.0190526e+13,593685,560795,1154480,SCRUTINI,N,REGIONE,NULL,"52,61",13,12414,20,13305,ESERCIZIO,1633,1633,Europee,581643,298650,308732,607382
8,MOVIMENTO 5 STELLE,1-20190526000000-8.png,N,NA,130513,"22,44",I,4,13,2.0140525e+13,ABRUZZO,20190527111609,2.0190526e+13,593685,560795,1154480,SCRUTINI,N,REGIONE,NULL,"52,61",13,12414,20,13305,ESERCIZIO,1633,1633,Europee,581643,298650,308732,607382
12,PARTITO DEMOCRATICO,1-20190526000000-12.png,N,NA,98665,"16,96",I,4,13,2.0140525e+13,ABRUZZO,20190527111609,2.0190526e+13,593685,560795,1154480,SCRUTINI,N,REGIONE,NULL,"52,61",13,12414,20,13305,ESERCIZIO,1633,1633,Europee,581643,298650,308732,607382
11,FORZA ITALIA,1-20190526000000-11.png,N,NA,54631,"9,39",I,4,13,2.0140525e+13,ABRUZZO,20190527111609,2.0190526e+13,593685,560795,1154480,SCRUTINI,N,REGIONE,NULL,"52,61",13,12414,20,13305,ESERCIZIO,1633,1633,Europee,581643,298650,308732,607382
7,FRATELLI D'ITALIA,1-20190526000000-7.png,N,NA,40724,"7,00",I,4,13,2.0140525e+13,ABRUZZO,20190527111609,2.0190526e+13,593685,560795,1154480,SCRUTINI,N,REGIONE,NULL,"52,61",13,12414,20,13305,ESERCIZIO,1633,1633,Europee,581643,298650,308732,607382
1,+EUROPA - ITALIA IN COMUNE - PDE ITALIA,1-20190526000000-1.png,N,NA,13907,"2,39",I,4,13,2.0140525e+13,ABRUZZO,20190527111609,2.0190526e+13,593685,560795,1154480,SCRUTINI,N,REGIONE,NULL,"52,61",13,12414,20,13305,ESERCIZIO,1633,1633,Europee,581643,298650,308732,607382
18,LA SINISTRA,1-20190526000000-18.png,N,NA,10396,"1,79",I,4,13,2.0140525e+13,ABRUZZO,20190527111609,2.0190526e+13,593685,560795,1154480,SCRUTINI,N,REGIONE,NULL,"52,61",13,12414,20,13305,ESERCIZIO,1633,1633,Europee,581643,298650,308732,607382
16,EUROPA VERDE,1-20190526000000-16.png,N,NA,9124,"1,57",I,4,13,2.0140525e+13,ABRUZZO,20190527111609,2.0190526e+13,593685,560795,1154480,SCRUTINI,N,REGIONE,NULL,"52,61",13,12414,20,13305,ESERCIZIO,1633,1633,Europee,581643,298650,308732,607382
2,PARTITO COMUNISTA,1-20190526000000-2.png,N,NA,6512,"1,12",I,4,13,2.0140525e+13,ABRUZZO,20190527111609,2.0190526e+13,593685,560795,1154480,SCRUTINI,N,REGIONE,NULL,"52,61",13,12414,20,13305,ESERCIZIO,1633,1633,Europee,581643,298650,308732,607382
4,PARTITO ANIMALISTA,1-20190526000000-4.png,N,NA,3129,"0,54",I,4,13,2.0140525e+13,ABRUZZO,20190527111609,2.0190526e+13,593685,560795,1154480,SCRUTINI,N,REGIONE,NULL,"52,61",13,12414,20,13305,ESERCIZIO,1633,1633,Europee,581643,298650,308732,607382
17,POPOLO DELLA FAMIGLIA - ALTERNATIVA POPOLARE,1-20190526000000-17.png,N,NA,2739,"0,47",I,4,13,2.0140525e+13,ABRUZZO,20190527111609,2.0190526e+13,593685,560795,1154480,SCRUTINI,N,REGIONE,NULL,"52,61",13,12414,20,13305,ESERCIZIO,1633,1633,Europee,581643,298650,308732,607382
10,CASAPOUND ITALIA - DESTRE UNITE,1-20190526000000-10.png,N,NA,2657,"0,46",I,4,13,2.0140525e+13,ABRUZZO,20190527111609,2.0190526e+13,593685,560795,1154480,SCRUTINI,N,REGIONE,NULL,"52,61",13,12414,20,13305,ESERCIZIO,1633,1633,Europee,581643,298650,308732,607382
6,POPOLARI PER L'ITALIA,1-20190526000000-6.png,N,NA,1249,"0,21",I,4,13,2.0140525e+13,ABRUZZO,20190527111609,2.0190526e+13,593685,560795,1154480,SCRUTINI,N,REGIONE,NULL,"52,61",13,12414,20,13305,ESERCIZIO,1633,1633,Europee,581643,298650,308732,607382
14,FORZA NUOVA,1-20190526000000-14.png,N,NA,1061,"0,18",I,4,13,2.0140525e+13,ABRUZZO,20190527111609,2.0190526e+13,593685,560795,1154480,SCRUTINI,N,REGIONE,NULL,"52,61",13,12414,20,13305,ESERCIZIO,1633,1633,Europee,581643,298650,308732,607382
3,PARTITO PIRATA,1-20190526000000-3.png,N,NA,966,"0,17",I,4,13,2.0140525e+13,ABRUZZO,20190527111609,2.0190526e+13,593685,560795,1154480,SCRUTINI,N,REGIONE,NULL,"52,61",13,12414,20,13305,ESERCIZIO,1633,1633,Europee,581643,298650,308732,607382
8,MOVIMENTO 5 STELLE,1-20190526000000-8.png,N,NA,70559,"29,67",I,4,17,2.0140525e+13,BASILICATA,20190527070640,2.0190526e+13,277219,263474,540693,SCRUTINI,N,REGIONE,NULL,"47,30",17,9263,5,8647,ESERCIZIO,681,681,Europee,237840,122803,132952,255755
5,LEGA SALVINI PREMIER,1-20190526000000-5.png,N,NA,55453,"23,32",I,4,17,2.0140525e+13,BASILICATA,20190527070640,2.0190526e+13,277219,263474,540693,SCRUTINI,N,REGIONE,NULL,"47,30",17,9263,5,8647,ESERCIZIO,681,681,Europee,237840,122803,132952,255755
12,PARTITO DEMOCRATICO,1-20190526000000-12.png,N,NA,41307,"17,37",I,4,17,2.0140525e+13,BASILICATA,20190527070640,2.0190526e+13,277219,263474,540693,SCRUTINI,N,REGIONE,NULL,"47,30",17,9263,5,8647,ESERCIZIO,681,681,Europee,237840,122803,132952,255755
11,FORZA ITALIA,1-20190526000000-11.png,N,NA,22360,"9,40",I,4,17,2.0140525e+13,BASILICATA,20190527070640,2.0190526e+13,277219,263474,540693,SCRUTINI,N,REGIONE,NULL,"47,30",17,9263,5,8647,ESERCIZIO,681,681,Europee,237840,122803,132952,255755
7,FRATELLI D'ITALIA,1-20190526000000-7.png,N,NA,19964,"8,39",I,4,17,2.0140525e+13,BASILICATA,20190527070640,2.0190526e+13,277219,263474,540693,SCRUTINI,N,REGIONE,NULL,"47,30",17,9263,5,8647,ESERCIZIO,681,681,Europee,237840,122803,132952,255755
1,+EUROPA - ITALIA IN COMUNE - PDE ITALIA,1-20190526000000-1.png,N,NA,7755,"3,26",I,4,17,2.0140525e+13,BASILICATA,20190527070640,2.0190526e+13,277219,263474,540693,SCRUTINI,N,REGIONE,NULL,"47,30",17,9263,5,8647,ESERCIZIO,681,681,Europee,237840,122803,132952,255755
18,LA SINISTRA,1-20190526000000-18.png,N,NA,6350,"2,67",I,4,17,2.0140525e+13,BASILICATA,20190527070640,2.0190526e+13,277219,263474,540693,SCRUTINI,N,REGIONE,NULL,"47,30",17,9263,5,8647,ESERCIZIO,681,681,Europee,237840,122803,132952,255755
16,EUROPA VERDE,1-20190526000000-16.png,N,NA,5645,"2,37",I,4,17,2.0140525e+13,BASILICATA,20190527070640,2.0190526e+13,277219,263474,540693,SCRUTINI,N,REGIONE,NULL,"47,30",17,9263,5,8647,ESERCIZIO,681,681,Europee,237840,122803,132952,255755
2,PARTITO COMUNISTA,1-20190526000000-2.png,N,NA,2645,"1,11",I,4,17,2.0140525e+13,BASILICATA,20190527070640,2.0190526e+13,277219,263474,540693,SCRUTINI,N,REGIONE,NULL,"47,30",17,9263,5,8647,ESERCIZIO,681,681,Europee,237840,122803,132952,255755
6,POPOLARI PER L'ITALIA,1-20190526000000-6.png,N,NA,1982,"0,83",I,4,17,2.0140525e+13,BASILICATA,20190527070640,2.0190526e+13,277219,263474,540693,SCRUTINI,N,REGIONE,NULL,"47,30",17,9263,5,8647,ESERCIZIO,681,681,Europee,237840,122803,132952,255755
4,PARTITO ANIMALISTA,1-20190526000000-4.png,N,NA,1501,"0,63",I,4,17,2.0140525e+13,BASILICATA,20190527070640,2.0190526e+13,277219,263474,540693,SCRUTINI,N,REGIONE,NULL,"47,30",17,9263,5,8647,ESERCIZIO,681,681,Europee,237840,122803,132952,255755
17,POPOLO DELLA FAMIGLIA - ALTERNATIVA POPOLARE,1-20190526000000-17.png,N,NA,830,"0,35",I,4,17,2.0140525e+13,BASILICATA,20190527070640,2.0190526e+13,277219,263474,540693,SCRUTINI,N,REGIONE,NULL,"47,30",17,9263,5,8647,ESERCIZIO,681,681,Europee,237840,122803,132952,255755
10,CASAPOUND ITALIA - DESTRE UNITE,1-20190526000000-10.png,N,NA,783,"0,33",I,4,17,2.0140525e+13,BASILICATA,20190527070640,2.0190526e+13,277219,263474,540693,SCRUTINI,N,REGIONE,NULL,"47,30",17,9263,5,8647,ESERCIZIO,681,681,Europee,237840,122803,132952,255755
3,PARTITO PIRATA,1-20190526000000-3.png,N,NA,393,"0,17",I,4,17,2.0140525e+13,BASILICATA,20190527070640,2.0190526e+13,277219,263474,540693,SCRUTINI,N,REGIONE,NULL,"47,30",17,9263,5,8647,ESERCIZIO,681,681,Europee,237840,122803,132952,255755
14,FORZA NUOVA,1-20190526000000-14.png,N,NA,313,"0,13",I,4,17,2.0140525e+13,BASILICATA,20190527070640,2.0190526e+13,277219,263474,540693,SCRUTINI,N,REGIONE,NULL,"47,30",17,9263,5,8647,ESERCIZIO,681,681,Europee,237840,122803,132952,255755
8,MOVIMENTO 5 STELLE,1-20190526000000-8.png,N,NA,194695,"26,69",I,4,18,2.0140525e+13,CALABRIA,20190527104340,2.0190526e+13,912903,858303,1771206,SCRUTINI,N,REGIONE,NULL,"43,99",18,26807,113,22935,ESERCIZIO,2419,2419,Europee,729337,374892,404300,779192
5,LEGA SALVINI PREMIER,1-20190526000000-5.png,N,NA,164915,"22,61",I,4,18,2.0140525e+13,CALABRIA,20190527104340,2.0190526e+13,912903,858303,1771206,SCRUTINI,N,REGIONE,NULL,"43,99",18,26807,113,22935,ESERCIZIO,2419,2419,Europee,729337,374892,404300,779192
12,PARTITO DEMOCRATICO,1-20190526000000-12.png,N,NA,133136,"18,25",I,4,18,2.0140525e+13,CALABRIA,20190527104340,2.0190526e+13,912903,858303,1771206,SCRUTINI,N,REGIONE,NULL,"43,99",18,26807,113,22935,ESERCIZIO,2419,2419,Europee,729337,374892,404300,779192
11,FORZA ITALIA,1-20190526000000-11.png,N,NA,97135,"13,32",I,4,18,2.0140525e+13,CALABRIA,20190527104340,2.0190526e+13,912903,858303,1771206,SCRUTINI,N,REGIONE,NULL,"43,99",18,26807,113,22935,ESERCIZIO,2419,2419,Europee,729337,374892,404300,779192
7,FRATELLI D'ITALIA,1-20190526000000-7.png,N,NA,74835,"10,26",I,4,18,2.0140525e+13,CALABRIA,20190527104340,2.0190526e+13,912903,858303,1771206,SCRUTINI,N,REGIONE,NULL,"43,99",18,26807,113,22935,ESERCIZIO,2419,2419,Europee,729337,374892,404300,779192
18,LA SINISTRA,1-20190526000000-18.png,N,NA,15736,"2,16",I,4,18,2.0140525e+13,CALABRIA,20190527104340,2.0190526e+13,912903,858303,1771206,SCRUTINI,N,REGIONE,NULL,"43,99",18,26807,113,22935,ESERCIZIO,2419,2419,Europee,729337,374892,404300,779192
1,+EUROPA - ITALIA IN COMUNE - PDE ITALIA,1-20190526000000-1.png,N,NA,13557,"1,86",I,4,18,2.0140525e+13,CALABRIA,20190527104340,2.0190526e+13,912903,858303,1771206,SCRUTINI,N,REGIONE,NULL,"43,99",18,26807,113,22935,ESERCIZIO,2419,2419,Europee,729337,374892,404300,779192
16,EUROPA VERDE,1-20190526000000-16.png,N,NA,11088,"1,52",I,4,18,2.0140525e+13,CALABRIA,20190527104340,2.0190526e+13,912903,858303,1771206,SCRUTINI,N,REGIONE,NULL,"43,99",18,26807,113,22935,ESERCIZIO,2419,2419,Europee,729337,374892,404300,779192
2,PARTITO COMUNISTA,1-20190526000000-2.png,N,NA,7855,"1,08",I,4,18,2.0140525e+13,CALABRIA,20190527104340,2.0190526e+13,912903,858303,1771206,SCRUTINI,N,REGIONE,NULL,"43,99",18,26807,113,22935,ESERCIZIO,2419,2419,Europee,729337,374892,404300,779192
6,POPOLARI PER L'ITALIA,1-20190526000000-6.png,N,NA,4264,"0,58",I,4,18,2.0140525e+13,CALABRIA,20190527104340,2.0190526e+13,912903,858303,1771206,SCRUTINI,N,REGIONE,NULL,"43,99",18,26807,113,22935,ESERCIZIO,2419,2419,Europee,729337,374892,404300,779192
4,PARTITO ANIMALISTA,1-20190526000000-4.png,N,NA,3881,"0,53",I,4,18,2.0140525e+13,CALABRIA,20190527104340,2.0190526e+13,912903,858303,1771206,SCRUTINI,N,REGIONE,NULL,"43,99",18,26807,113,22935,ESERCIZIO,2419,2419,Europee,729337,374892,404300,779192
17,POPOLO DELLA FAMIGLIA - ALTERNATIVA POPOLARE,1-20190526000000-17.png,N,NA,3577,"0,49",I,4,18,2.0140525e+13,CALABRIA,20190527104340,2.0190526e+13,912903,858303,1771206,SCRUTINI,N,REGIONE,NULL,"43,99",18,26807,113,22935,ESERCIZIO,2419,2419,Europee,729337,374892,404300,779192
10,CASAPOUND ITALIA - DESTRE UNITE,1-20190526000000-10.png,N,NA,1990,"0,27",I,4,18,2.0140525e+13,CALABRIA,20190527104340,2.0190526e+13,912903,858303,1771206,SCRUTINI,N,REGIONE,NULL,"43,99",18,26807,113,22935,ESERCIZIO,2419,2419,Europee,729337,374892,404300,779192
14,FORZA NUOVA,1-20190526000000-14.png,N,NA,1528,"0,21",I,4,18,2.0140525e+13,CALABRIA,20190527104340,2.0190526e+13,912903,858303,1771206,SCRUTINI,N,REGIONE,NULL,"43,99",18,26807,113,22935,ESERCIZIO,2419,2419,Europee,729337,374892,404300,779192
3,PARTITO PIRATA,1-20190526000000-3.png,N,NA,1145,"0,16",I,4,18,2.0140525e+13,CALABRIA,20190527104340,2.0190526e+13,912903,858303,1771206,SCRUTINI,N,REGIONE,NULL,"43,99",18,26807,113,22935,ESERCIZIO,2419,2419,Europee,729337,374892,404300,779192
8,MOVIMENTO 5 STELLE,1-20190526000000-8.png,N,NA,739541,"33,85",I,4,15,2.0140525e+13,CAMPANIA,20190527113558,2.0190526e+13,2462776,2283934,4746710,SCRUTINI,N,REGIONE,NULL,"48,35",15,53682,207,56428,ESERCIZIO,5825,5825,Europee,2184604,1119939,1174982,2294921
5,LEGA SALVINI PREMIER,1-20190526000000-5.png,N,NA,419623,"19,21",I,4,15,2.0140525e+13,CAMPANIA,20190527113558,2.0190526e+13,2462776,2283934,4746710,SCRUTINI,N,REGIONE,NULL,"48,35",15,53682,207,56428,ESERCIZIO,5825,5825,Europee,2184604,1119939,1174982,2294921
12,PARTITO DEMOCRATICO,1-20190526000000-12.png,N,NA,417396,"19,11",I,4,15,2.0140525e+13,CAMPANIA,20190527113558,2.0190526e+13,2462776,2283934,4746710,SCRUTINI,N,REGIONE,NULL,"48,35",15,53682,207,56428,ESERCIZIO,5825,5825,Europee,2184604,1119939,1174982,2294921
11,FORZA ITALIA,1-20190526000000-11.png,N,NA,298254,"13,65",I,4,15,2.0140525e+13,CAMPANIA,20190527113558,2.0190526e+13,2462776,2283934,4746710,SCRUTINI,N,REGIONE,NULL,"48,35",15,53682,207,56428,ESERCIZIO,5825,5825,Europee,2184604,1119939,1174982,2294921
7,FRATELLI D'ITALIA,1-20190526000000-7.png,N,NA,127211,"5,82",I,4,15,2.0140525e+13,CAMPANIA,20190527113558,2.0190526e+13,2462776,2283934,4746710,SCRUTINI,N,REGIONE,NULL,"48,35",15,53682,207,56428,ESERCIZIO,5825,5825,Europee,2184604,1119939,1174982,2294921
1,+EUROPA - ITALIA IN COMUNE - PDE ITALIA,1-20190526000000-1.png,N,NA,55055,"2,52",I,4,15,2.0140525e+13,CAMPANIA,20190527113558,2.0190526e+13,2462776,2283934,4746710,SCRUTINI,N,REGIONE,NULL,"48,35",15,53682,207,56428,ESERCIZIO,5825,5825,Europee,2184604,1119939,1174982,2294921
18,LA SINISTRA,1-20190526000000-18.png,N,NA,40300,"1,84",I,4,15,2.0140525e+13,CAMPANIA,20190527113558,2.0190526e+13,2462776,2283934,4746710,SCRUTINI,N,REGIONE,NULL,"48,35",15,53682,207,56428,ESERCIZIO,5825,5825,Europee,2184604,1119939,1174982,2294921
16,EUROPA VERDE,1-20190526000000-16.png,N,NA,32869,"1,50",I,4,15,2.0140525e+13,CAMPANIA,20190527113558,2.0190526e+13,2462776,2283934,4746710,SCRUTINI,N,REGIONE,NULL,"48,35",15,53682,207,56428,ESERCIZIO,5825,5825,Europee,2184604,1119939,1174982,2294921
2,PARTITO COMUNISTA,1-20190526000000-2.png,N,NA,14480,"0,66",I,4,15,2.0140525e+13,CAMPANIA,20190527113558,2.0190526e+13,2462776,2283934,4746710,SCRUTINI,N,REGIONE,NULL,"48,35",15,53682,207,56428,ESERCIZIO,5825,5825,Europee,2184604,1119939,1174982,2294921
4,PARTITO ANIMALISTA,1-20190526000000-4.png,N,NA,13996,"0,64",I,4,15,2.0140525e+13,CAMPANIA,20190527113558,2.0190526e+13,2462776,2283934,4746710,SCRUTINI,N,REGIONE,NULL,"48,35",15,53682,207,56428,ESERCIZIO,5825,5825,Europee,2184604,1119939,1174982,2294921
17,POPOLO DELLA FAMIGLIA - ALTERNATIVA POPOLARE,1-20190526000000-17.png,N,NA,7539,"0,35",I,4,15,2.0140525e+13,CAMPANIA,20190527113558,2.0190526e+13,2462776,2283934,4746710,SCRUTINI,N,REGIONE,NULL,"48,35",15,53682,207,56428,ESERCIZIO,5825,5825,Europee,2184604,1119939,1174982,2294921
6,POPOLARI PER L'ITALIA,1-20190526000000-6.png,N,NA,7143,"0,33",I,4,15,2.0140525e+13,CAMPANIA,20190527113558,2.0190526e+13,2462776,2283934,4746710,SCRUTINI,N,REGIONE,NULL,"48,35",15,53682,207,56428,ESERCIZIO,5825,5825,Europee,2184604,1119939,1174982,2294921
10,CASAPOUND ITALIA - DESTRE UNITE,1-20190526000000-10.png,N,NA,4329,"0,20",I,4,15,2.0140525e+13,CAMPANIA,20190527113558,2.0190526e+13,2462776,2283934,4746710,SCRUTINI,N,REGIONE,NULL,"48,35",15,53682,207,56428,ESERCIZIO,5825,5825,Europee,2184604,1119939,1174982,2294921
3,PARTITO PIRATA,1-20190526000000-3.png,N,NA,4045,"0,19",I,4,15,2.0140525e+13,CAMPANIA,20190527113558,2.0190526e+13,2462776,2283934,4746710,SCRUTINI,N,REGIONE,NULL,"48,35",15,53682,207,56428,ESERCIZIO,5825,5825,Europee,2184604,1119939,1174982,2294921
14,FORZA NUOVA,1-20190526000000-14.png,N,NA,2823,"0,13",I,4,15,2.0140525e+13,CAMPANIA,20190527113558,2.0190526e+13,2462776,2283934,4746710,SCRUTINI,N,REGIONE,NULL,"48,35",15,53682,207,56428,ESERCIZIO,5825,5825,Europee,2184604,1119939,1174982,2294921
8,MOVIMENTO 5 STELLE,1-20190526000000-8.png,N,NA,43330,"28,76",I,4,14,2.0140525e+13,MOLISE,20190527075510,2.0190526e+13,156505,149610,306115,SCRUTINI,N,REGIONE,NULL,"53,27",14,6926,16,5468,ESERCIZIO,393,393,Europee,150646,80113,82943,163056
5,LEGA SALVINI PREMIER,1-20190526000000-5.png,N,NA,36544,"24,26",I,4,14,2.0140525e+13,MOLISE,20190527075510,2.0190526e+13,156505,149610,306115,SCRUTINI,N,REGIONE,NULL,"53,27",14,6926,16,5468,ESERCIZIO,393,393,Europee,150646,80113,82943,163056
11,FORZA ITALIA,1-20190526000000-11.png,N,NA,23060,"15,31",I,4,14,2.0140525e+13,MOLISE,20190527075510,2.0190526e+13,156505,149610,306115,SCRUTINI,N,REGIONE,NULL,"53,27",14,6926,16,5468,ESERCIZIO,393,393,Europee,150646,80113,82943,163056
12,PARTITO DEMOCRATICO,1-20190526000000-12.png,N,NA,22058,"14,64",I,4,14,2.0140525e+13,MOLISE,20190527075510,2.0190526e+13,156505,149610,306115,SCRUTINI,N,REGIONE,NULL,"53,27",14,6926,16,5468,ESERCIZIO,393,393,Europee,150646,80113,82943,163056
7,FRATELLI D'ITALIA,1-20190526000000-7.png,N,NA,9534,"6,33",I,4,14,2.0140525e+13,MOLISE,20190527075510,2.0190526e+13,156505,149610,306115,SCRUTINI,N,REGIONE,NULL,"53,27",14,6926,16,5468,ESERCIZIO,393,393,Europee,150646,80113,82943,163056
6,POPOLARI PER L'ITALIA,1-20190526000000-6.png,N,NA,4504,"2,99",I,4,14,2.0140525e+13,MOLISE,20190527075510,2.0190526e+13,156505,149610,306115,SCRUTINI,N,REGIONE,NULL,"53,27",14,6926,16,5468,ESERCIZIO,393,393,Europee,150646,80113,82943,163056
18,LA SINISTRA,1-20190526000000-18.png,N,NA,3189,"2,12",I,4,14,2.0140525e+13,MOLISE,20190527075510,2.0190526e+13,156505,149610,306115,SCRUTINI,N,REGIONE,NULL,"53,27",14,6926,16,5468,ESERCIZIO,393,393,Europee,150646,80113,82943,163056
1,+EUROPA - ITALIA IN COMUNE - PDE ITALIA,1-20190526000000-1.png,N,NA,2130,"1,41",I,4,14,2.0140525e+13,MOLISE,20190527075510,2.0190526e+13,156505,149610,306115,SCRUTINI,N,REGIONE,NULL,"53,27",14,6926,16,5468,ESERCIZIO,393,393,Europee,150646,80113,82943,163056
16,EUROPA VERDE,1-20190526000000-16.png,N,NA,1724,"1,14",I,4,14,2.0140525e+13,MOLISE,20190527075510,2.0190526e+13,156505,149610,306115,SCRUTINI,N,REGIONE,NULL,"53,27",14,6926,16,5468,ESERCIZIO,393,393,Europee,150646,80113,82943,163056
2,PARTITO COMUNISTA,1-20190526000000-2.png,N,NA,1688,"1,12",I,4,14,2.0140525e+13,MOLISE,20190527075510,2.0190526e+13,156505,149610,306115,SCRUTINI,N,REGIONE,NULL,"53,27",14,6926,16,5468,ESERCIZIO,393,393,Europee,150646,80113,82943,163056
17,POPOLO DELLA FAMIGLIA - ALTERNATIVA POPOLARE,1-20190526000000-17.png,N,NA,910,"0,60",I,4,14,2.0140525e+13,MOLISE,20190527075510,2.0190526e+13,156505,149610,306115,SCRUTINI,N,REGIONE,NULL,"53,27",14,6926,16,5468,ESERCIZIO,393,393,Europee,150646,80113,82943,163056
4,PARTITO ANIMALISTA,1-20190526000000-4.png,N,NA,861,"0,57",I,4,14,2.0140525e+13,MOLISE,20190527075510,2.0190526e+13,156505,149610,306115,SCRUTINI,N,REGIONE,NULL,"53,27",14,6926,16,5468,ESERCIZIO,393,393,Europee,150646,80113,82943,163056
10,CASAPOUND ITALIA - DESTRE UNITE,1-20190526000000-10.png,N,NA,544,"0,36",I,4,14,2.0140525e+13,MOLISE,20190527075510,2.0190526e+13,156505,149610,306115,SCRUTINI,N,REGIONE,NULL,"53,27",14,6926,16,5468,ESERCIZIO,393,393,Europee,150646,80113,82943,163056
14,FORZA NUOVA,1-20190526000000-14.png,N,NA,366,"0,24",I,4,14,2.0140525e+13,MOLISE,20190527075510,2.0190526e+13,156505,149610,306115,SCRUTINI,N,REGIONE,NULL,"53,27",14,6926,16,5468,ESERCIZIO,393,393,Europee,150646,80113,82943,163056
3,PARTITO PIRATA,1-20190526000000-3.png,N,NA,204,"0,14",I,4,14,2.0140525e+13,MOLISE,20190527075510,2.0190526e+13,156505,149610,306115,SCRUTINI,N,REGIONE,NULL,"53,27",14,6926,16,5468,ESERCIZIO,393,393,Europee,150646,80113,82943,163056
8,MOVIMENTO 5 STELLE,1-20190526000000-8.png,N,NA,419344,"26,29",I,4,16,2.0140525e+13,PUGLIA,20190527114103,2.0190526e+13,1761196,1631577,3392773,SCRUTINI,N,REGIONE,NULL,"49,79",16,46113,176,47560,ESERCIZIO,4022,4022,Europee,1595373,825969,863253,1689222
5,LEGA SALVINI PREMIER,1-20190526000000-5.png,N,NA,403424,"25,29",I,4,16,2.0140525e+13,PUGLIA,20190527114103,2.0190526e+13,1761196,1631577,3392773,SCRUTINI,N,REGIONE,NULL,"49,79",16,46113,176,47560,ESERCIZIO,4022,4022,Europee,1595373,825969,863253,1689222
12,PARTITO DEMOCRATICO,1-20190526000000-12.png,N,NA,265412,"16,64",I,4,16,2.0140525e+13,PUGLIA,20190527114103,2.0190526e+13,1761196,1631577,3392773,SCRUTINI,N,REGIONE,NULL,"49,79",16,46113,176,47560,ESERCIZIO,4022,4022,Europee,1595373,825969,863253,1689222
11,FORZA ITALIA,1-20190526000000-11.png,N,NA,177304,"11,11",I,4,16,2.0140525e+13,PUGLIA,20190527114103,2.0190526e+13,1761196,1631577,3392773,SCRUTINI,N,REGIONE,NULL,"49,79",16,46113,176,47560,ESERCIZIO,4022,4022,Europee,1595373,825969,863253,1689222
7,FRATELLI D'ITALIA,1-20190526000000-7.png,N,NA,141865,"8,89",I,4,16,2.0140525e+13,PUGLIA,20190527114103,2.0190526e+13,1761196,1631577,3392773,SCRUTINI,N,REGIONE,NULL,"49,79",16,46113,176,47560,ESERCIZIO,4022,4022,Europee,1595373,825969,863253,1689222
1,+EUROPA - ITALIA IN COMUNE - PDE ITALIA,1-20190526000000-1.png,N,NA,79470,"4,98",I,4,16,2.0140525e+13,PUGLIA,20190527114103,2.0190526e+13,1761196,1631577,3392773,SCRUTINI,N,REGIONE,NULL,"49,79",16,46113,176,47560,ESERCIZIO,4022,4022,Europee,1595373,825969,863253,1689222
18,LA SINISTRA,1-20190526000000-18.png,N,NA,34800,"2,18",I,4,16,2.0140525e+13,PUGLIA,20190527114103,2.0190526e+13,1761196,1631577,3392773,SCRUTINI,N,REGIONE,NULL,"49,79",16,46113,176,47560,ESERCIZIO,4022,4022,Europee,1595373,825969,863253,1689222
16,EUROPA VERDE,1-20190526000000-16.png,N,NA,31667,"1,98",I,4,16,2.0140525e+13,PUGLIA,20190527114103,2.0190526e+13,1761196,1631577,3392773,SCRUTINI,N,REGIONE,NULL,"49,79",16,46113,176,47560,ESERCIZIO,4022,4022,Europee,1595373,825969,863253,1689222
2,PARTITO COMUNISTA,1-20190526000000-2.png,N,NA,11190,"0,70",I,4,16,2.0140525e+13,PUGLIA,20190527114103,2.0190526e+13,1761196,1631577,3392773,SCRUTINI,N,REGIONE,NULL,"49,79",16,46113,176,47560,ESERCIZIO,4022,4022,Europee,1595373,825969,863253,1689222
4,PARTITO ANIMALISTA,1-20190526000000-4.png,N,NA,9342,"0,59",I,4,16,2.0140525e+13,PUGLIA,20190527114103,2.0190526e+13,1761196,1631577,3392773,SCRUTINI,N,REGIONE,NULL,"49,79",16,46113,176,47560,ESERCIZIO,4022,4022,Europee,1595373,825969,863253,1689222
6,POPOLARI PER L'ITALIA,1-20190526000000-6.png,N,NA,6807,"0,43",I,4,16,2.0140525e+13,PUGLIA,20190527114103,2.0190526e+13,1761196,1631577,3392773,SCRUTINI,N,REGIONE,NULL,"49,79",16,46113,176,47560,ESERCIZIO,4022,4022,Europee,1595373,825969,863253,1689222
17,POPOLO DELLA FAMIGLIA - ALTERNATIVA POPOLARE,1-20190526000000-17.png,N,NA,5604,"0,35",I,4,16,2.0140525e+13,PUGLIA,20190527114103,2.0190526e+13,1761196,1631577,3392773,SCRUTINI,N,REGIONE,NULL,"49,79",16,46113,176,47560,ESERCIZIO,4022,4022,Europee,1595373,825969,863253,1689222
10,CASAPOUND ITALIA - DESTRE UNITE,1-20190526000000-10.png,N,NA,4352,"0,27",I,4,16,2.0140525e+13,PUGLIA,20190527114103,2.0190526e+13,1761196,1631577,3392773,SCRUTINI,N,REGIONE,NULL,"49,79",16,46113,176,47560,ESERCIZIO,4022,4022,Europee,1595373,825969,863253,1689222
3,PARTITO PIRATA,1-20190526000000-3.png,N,NA,2583,"0,16",I,4,16,2.0140525e+13,PUGLIA,20190527114103,2.0190526e+13,1761196,1631577,3392773,SCRUTINI,N,REGIONE,NULL,"49,79",16,46113,176,47560,ESERCIZIO,4022,4022,Europee,1595373,825969,863253,1689222
14,FORZA NUOVA,1-20190526000000-14.png,N,NA,2209,"0,14",I,4,16,2.0140525e+13,PUGLIA,20190527114103,2.0190526e+13,1761196,1631577,3392773,SCRUTINI,N,REGIONE,NULL,"49,79",16,46113,176,47560,ESERCIZIO,4022,4022,Europee,1595373,825969,863253,1689222
5,LEGA SALVINI PREMIER,1-20190526000000-5.png,N,NA,135496,"27,57",I,5,20,2.0140525e+13,SARDEGNA,20190527054904,2.0190526e+13,711852,674647,1386499,SCRUTINI,N,REGIONE,NULL,"36,25",20,2601,8,8514,ESERCIZIO,1840,1840,Europee,491454,243928,258649,502577
8,MOVIMENTO 5 STELLE,1-20190526000000-8.png,N,NA,126301,"25,70",I,5,20,2.0140525e+13,SARDEGNA,20190527054904,2.0190526e+13,711852,674647,1386499,SCRUTINI,N,REGIONE,NULL,"36,25",20,2601,8,8514,ESERCIZIO,1840,1840,Europee,491454,243928,258649,502577
12,PARTITO DEMOCRATICO,1-20190526000000-12.png,N,NA,119260,"24,27",I,5,20,2.0140525e+13,SARDEGNA,20190527054904,2.0190526e+13,711852,674647,1386499,SCRUTINI,N,REGIONE,NULL,"36,25",20,2601,8,8514,ESERCIZIO,1840,1840,Europee,491454,243928,258649,502577
11,FORZA ITALIA,1-20190526000000-11.png,N,NA,38389,"7,81",I,5,20,2.0140525e+13,SARDEGNA,20190527054904,2.0190526e+13,711852,674647,1386499,SCRUTINI,N,REGIONE,NULL,"36,25",20,2601,8,8514,ESERCIZIO,1840,1840,Europee,491454,243928,258649,502577
7,FRATELLI D'ITALIA,1-20190526000000-7.png,N,NA,30681,"6,24",I,5,20,2.0140525e+13,SARDEGNA,20190527054904,2.0190526e+13,711852,674647,1386499,SCRUTINI,N,REGIONE,NULL,"36,25",20,2601,8,8514,ESERCIZIO,1840,1840,Europee,491454,243928,258649,502577
18,LA SINISTRA,1-20190526000000-18.png,N,NA,10710,"2,18",I,5,20,2.0140525e+13,SARDEGNA,20190527054904,2.0190526e+13,711852,674647,1386499,SCRUTINI,N,REGIONE,NULL,"36,25",20,2601,8,8514,ESERCIZIO,1840,1840,Europee,491454,243928,258649,502577
1,+EUROPA - ITALIA IN COMUNE - PDE ITALIA,1-20190526000000-1.png,N,NA,10269,"2,09",I,5,20,2.0140525e+13,SARDEGNA,20190527054904,2.0190526e+13,711852,674647,1386499,SCRUTINI,N,REGIONE,NULL,"36,25",20,2601,8,8514,ESERCIZIO,1840,1840,Europee,491454,243928,258649,502577
16,EUROPA VERDE,1-20190526000000-16.png,N,NA,7863,"1,60",I,5,20,2.0140525e+13,SARDEGNA,20190527054904,2.0190526e+13,711852,674647,1386499,SCRUTINI,N,REGIONE,NULL,"36,25",20,2601,8,8514,ESERCIZIO,1840,1840,Europee,491454,243928,258649,502577
2,PARTITO COMUNISTA,1-20190526000000-2.png,N,NA,4299,"0,87",I,5,20,2.0140525e+13,SARDEGNA,20190527054904,2.0190526e+13,711852,674647,1386499,SCRUTINI,N,REGIONE,NULL,"36,25",20,2601,8,8514,ESERCIZIO,1840,1840,Europee,491454,243928,258649,502577
17,POPOLO DELLA FAMIGLIA - ALTERNATIVA POPOLARE,1-20190526000000-17.png,N,NA,2234,"0,45",I,5,20,2.0140525e+13,SARDEGNA,20190527054904,2.0190526e+13,711852,674647,1386499,SCRUTINI,N,REGIONE,NULL,"36,25",20,2601,8,8514,ESERCIZIO,1840,1840,Europee,491454,243928,258649,502577
4,PARTITO ANIMALISTA,1-20190526000000-4.png,N,NA,2019,"0,41",I,5,20,2.0140525e+13,SARDEGNA,20190527054904,2.0190526e+13,711852,674647,1386499,SCRUTINI,N,REGIONE,NULL,"36,25",20,2601,8,8514,ESERCIZIO,1840,1840,Europee,491454,243928,258649,502577
10,CASAPOUND ITALIA - DESTRE UNITE,1-20190526000000-10.png,N,NA,1590,"0,32",I,5,20,2.0140525e+13,SARDEGNA,20190527054904,2.0190526e+13,711852,674647,1386499,SCRUTINI,N,REGIONE,NULL,"36,25",20,2601,8,8514,ESERCIZIO,1840,1840,Europee,491454,243928,258649,502577
3,PARTITO PIRATA,1-20190526000000-3.png,N,NA,1160,"0,24",I,5,20,2.0140525e+13,SARDEGNA,20190527054904,2.0190526e+13,711852,674647,1386499,SCRUTINI,N,REGIONE,NULL,"36,25",20,2601,8,8514,ESERCIZIO,1840,1840,Europee,491454,243928,258649,502577
6,POPOLARI PER L'ITALIA,1-20190526000000-6.png,N,NA,817,"0,17",I,5,20,2.0140525e+13,SARDEGNA,20190527054904,2.0190526e+13,711852,674647,1386499,SCRUTINI,N,REGIONE,NULL,"36,25",20,2601,8,8514,ESERCIZIO,1840,1840,Europee,491454,243928,258649,502577
14,FORZA NUOVA,1-20190526000000-14.png,N,NA,366,"0,07",I,5,20,2.0140525e+13,SARDEGNA,20190527054904,2.0190526e+13,711852,674647,1386499,SCRUTINI,N,REGIONE,NULL,"36,25",20,2601,8,8514,ESERCIZIO,1840,1840,Europee,491454,243928,258649,502577
8,MOVIMENTO 5 STELLE,1-20190526000000-8.png,N,NA,479562,"31,18",I,5,19,2.0140525e+13,SICILIA,20190527071558,2.0190526e+13,2218005,2039276,4257281,SCRUTINI,N,REGIONE,NULL,"37,51",19,13001,102,45759,ESERCIZIO,5300,5300,Europee,1537935,763815,832982,1596797
5,LEGA SALVINI PREMIER,1-20190526000000-5.png,N,NA,319439,"20,77",I,5,19,2.0140525e+13,SICILIA,20190527071558,2.0190526e+13,2218005,2039276,4257281,SCRUTINI,N,REGIONE,NULL,"37,51",19,13001,102,45759,ESERCIZIO,5300,5300,Europee,1537935,763815,832982,1596797
11,FORZA ITALIA,1-20190526000000-11.png,N,NA,261340,"16,99",I,5,19,2.0140525e+13,SICILIA,20190527071558,2.0190526e+13,2218005,2039276,4257281,SCRUTINI,N,REGIONE,NULL,"37,51",19,13001,102,45759,ESERCIZIO,5300,5300,Europee,1537935,763815,832982,1596797
12,PARTITO DEMOCRATICO,1-20190526000000-12.png,N,NA,255741,"16,63",I,5,19,2.0140525e+13,SICILIA,20190527071558,2.0190526e+13,2218005,2039276,4257281,SCRUTINI,N,REGIONE,NULL,"37,51",19,13001,102,45759,ESERCIZIO,5300,5300,Europee,1537935,763815,832982,1596797
7,FRATELLI D'ITALIA,1-20190526000000-7.png,N,NA,117131,"7,62",I,5,19,2.0140525e+13,SICILIA,20190527071558,2.0190526e+13,2218005,2039276,4257281,SCRUTINI,N,REGIONE,NULL,"37,51",19,13001,102,45759,ESERCIZIO,5300,5300,Europee,1537935,763815,832982,1596797
1,+EUROPA - ITALIA IN COMUNE - PDE ITALIA,1-20190526000000-1.png,N,NA,29089,"1,89",I,5,19,2.0140525e+13,SICILIA,20190527071558,2.0190526e+13,2218005,2039276,4257281,SCRUTINI,N,REGIONE,NULL,"37,51",19,13001,102,45759,ESERCIZIO,5300,5300,Europee,1537935,763815,832982,1596797
18,LA SINISTRA,1-20190526000000-18.png,N,NA,22487,"1,46",I,5,19,2.0140525e+13,SICILIA,20190527071558,2.0190526e+13,2218005,2039276,4257281,SCRUTINI,N,REGIONE,NULL,"37,51",19,13001,102,45759,ESERCIZIO,5300,5300,Europee,1537935,763815,832982,1596797
16,EUROPA VERDE,1-20190526000000-16.png,N,NA,18009,"1,17",I,5,19,2.0140525e+13,SICILIA,20190527071558,2.0190526e+13,2218005,2039276,4257281,SCRUTINI,N,REGIONE,NULL,"37,51",19,13001,102,45759,ESERCIZIO,5300,5300,Europee,1537935,763815,832982,1596797
17,POPOLO DELLA FAMIGLIA - ALTERNATIVA POPOLARE,1-20190526000000-17.png,N,NA,8613,"0,56",I,5,19,2.0140525e+13,SICILIA,20190527071558,2.0190526e+13,2218005,2039276,4257281,SCRUTINI,N,REGIONE,NULL,"37,51",19,13001,102,45759,ESERCIZIO,5300,5300,Europee,1537935,763815,832982,1596797
4,PARTITO ANIMALISTA,1-20190526000000-4.png,N,NA,7618,"0,50",I,5,19,2.0140525e+13,SICILIA,20190527071558,2.0190526e+13,2218005,2039276,4257281,SCRUTINI,N,REGIONE,NULL,"37,51",19,13001,102,45759,ESERCIZIO,5300,5300,Europee,1537935,763815,832982,1596797
2,PARTITO COMUNISTA,1-20190526000000-2.png,N,NA,7134,"0,46",I,5,19,2.0140525e+13,SICILIA,20190527071558,2.0190526e+13,2218005,2039276,4257281,SCRUTINI,N,REGIONE,NULL,"37,51",19,13001,102,45759,ESERCIZIO,5300,5300,Europee,1537935,763815,832982,1596797
6,POPOLARI PER L'ITALIA,1-20190526000000-6.png,N,NA,3836,"0,25",I,5,19,2.0140525e+13,SICILIA,20190527071558,2.0190526e+13,2218005,2039276,4257281,SCRUTINI,N,REGIONE,NULL,"37,51",19,13001,102,45759,ESERCIZIO,5300,5300,Europee,1537935,763815,832982,1596797
10,CASAPOUND ITALIA - DESTRE UNITE,1-20190526000000-10.png,N,NA,3549,"0,23",I,5,19,2.0140525e+13,SICILIA,20190527071558,2.0190526e+13,2218005,2039276,4257281,SCRUTINI,N,REGIONE,NULL,"37,51",19,13001,102,45759,ESERCIZIO,5300,5300,Europee,1537935,763815,832982,1596797
3,PARTITO PIRATA,1-20190526000000-3.png,N,NA,2370,"0,15",I,5,19,2.0140525e+13,SICILIA,20190527071558,2.0190526e+13,2218005,2039276,4257281,SCRUTINI,N,REGIONE,NULL,"37,51",19,13001,102,45759,ESERCIZIO,5300,5300,Europee,1537935,763815,832982,1596797
14,FORZA NUOVA,1-20190526000000-14.png,N,NA,2017,"0,13",I,5,19,2.0140525e+13,SICILIA,20190527071558,2.0190526e+13,2218005,2039276,4257281,SCRUTINI,N,REGIONE,NULL,"37,51",19,13001,102,45759,ESERCIZIO,5300,5300,Europee,1537935,763815,832982,1596797
